book_asin,book_title,book_author,review_id,reviewer_name,star_rating,review_title,review_body,review_date,verified_purchase,helpful_votes
1585429139,Attached: The Science of Adult Attachment,Amir Levine & Rachel Heller,R3PC6KB7D1B73D,,5,great book,"I’ll admit it. I am totally attached to _Attached_. But, not in an unhealthy way, really. I’ve read my fair share of books on relationships (including textbooks during my clinical training as a therapist), and I can honestly say that this book provides the most elegant framework for organizing, explaining, and rescuing relationship problems that I’ve seen.It clearly delivers on the hope that the authors have for this book:“We hope that you will use the relationship wisdom distilled in this book, from more than two decades of research, to find happiness in your romantic connections and to soar in all aspects of your life. If you follow the attachment principles we have outlined, you will be actively giving yourself the best shot at finding—and keeping—a deeply gratifying love, instead of leaving one of the most important aspects of your life to chance!” (pp. 272-273)Based on the science of attachment, the book looks at the three basic types of attachment: avoidant, anxious, and secure. In a nutshell: if you’re avoidant, relationships feel like a threat to your independence; if you’re anxious, relationships feel like a lifeline that is going to be yanked away from you at any moment; if you’re secure, relationships provide you with peace of mind. Early on, the book helps you determine your style of attachment, and the style of your partner as well.After helping to determine attachment styles, the book takes a closer look at how these three different attachment styles present the","September 16, 2024",True,90
1585429139,Attached: The Science of Adult Attachment,Amir Levine & Rachel Heller,R1LFOK31MBOG7,,4,Great for Secure/ Anxious attachment styles. Avoidants beware!,"Quick Summary:Another great book recommended to me by my therapist. This book is really well researched and insightful into the three types of attachment styles that adults have in romantic relationships. The three attachment styles are anxious, avoidant, and secure. It is easy to read and understand with plenty of examples throughout the book. If you are looking for why your relationships might be struggling, to understand why your partner reacts to you a certain way, and how you go about communicating in your relationship, I highly recommend this book. I have a better understanding of who I am and how I can work on improving myself for my family.The Review:I am one of the lucky ones who didn’t read this book before being in a relationship and ended up with a stellar husband that has a secure attachment style. Unlike my partner, I have an anxious attachment style. The book highly recommended finding a match with a secure attachment to have a solid relationship. I am lucky to have a partner that can help calm down my anxious attachment quirks by simply being his best self around me.Now, I will say that at times while reading I noticed quite a bit of bias. It felt like secure attachments were put on a very high pedestal and they could do no wrong. If they are like my hubs, then secures tend to be very levelheaded, comfortable and happy in their relationship, and a calm reactor. In a couple of examples, the writers did mention that secures could lose their temper (because they ","September 12, 2025",True,42
1585429139,Attached: The Science of Adult Attachment,Amir Levine & Rachel Heller,R1DHHWCI832VZZ,,5,"Much more than what I expected. Eye-opening, relationship saving.","My psychiatrist pretty much made me order this book even though in my mind I was dead set against, thinking it was going to be a waste of time, perfectly convinced I knew everything about myself and whatever kind of &quot;attached&quot; I was.Whoa.Was I wrong.And I hate to be wrong. Thanks, Dr. D.General Information: This book is an easy read. It&#x27;s not that stuff you need to be a rocket-scientist to figure out - in layman terms it briefs you on the broader different styles of attachment: secure, anxious and avoidant. The book helps you determine what kind of attachment styles you have via reading examples of others attachment styles and there are also some quizzes if you&#x27;re still not sure, all of which I found useful. I really liked that the authors presented examples of scenarios of attachment styles and encouraged the reader to read through the scenarios and guess the kind of attachment styles that were presented based on the knowledge we had already been given in the earlier part of the book. I find that a helpful way to learn.Given that I was not into reading this in the first place - the fact that it was light reading, interesting and at times fun - made me very attuned to what this book had to say. I agree it wasn&#x27;t super in-depth but I don&#x27;t fault this book for that because if it was super in depth I would have not even read it. My psychiatrist knows what the heck she is talking about and she choose this book for a reason - so I have zero complaints","October 6, 2017",True,1095
1585429139,Attached: The Science of Adult Attachment,Amir Levine & Rachel Heller,ROISOE1BY52EF,,5,One of the greatest books ever read,"This book &quot;Attached&quot; was one of the greatest self help materials that I have ever read. If you are interested in learning about attachment theory and how it correlates into your dating life, well then this book is definitely for you!What sets this book apart from other self help relationship themed books is a few things that I&#x27;ll talk about below:-First, the book is coupled with research (actually over two decades of it) from a very wide pool of people so this book will definitely capture whoever you are and whatever you&#x27;re going through.-The book also does an amazing job at validating your feelings and if you have an anxious attachment (defined by a need for closeness, lots of emotional intimacy, and reassurance that the relationship is secure) then it is common for a lot of self help materials to chastise you for having those needs (as American/ western culture is focused on self reliance and independency) and aim to steer you in the direction of repressing your feelings, denying them, and partaking in actions that are untrue to oneself (is it obvious that this is my style yet?!?! Lol).-Another thing that sets apart this book from most is that oftentimes other self help relationship materials will be VERY gendered. It will tend to dichotomize certain behaviors to women and certain behaviors to men and tell women that they need to think more like men (which would be characterized as avoidant style in the book). This book goes out of the way to mention tha","May 1, 2015",True,32
1585429139,Attached: The Science of Adult Attachment,Amir Levine & Rachel Heller,RE823BC4KR1GS,,5,Best Book everyone should read,"Wow this book is a gold mine. So many mindset shifts has been unlocked for me by understanding where people can be operating from. And myself. These can be applied to any relationships, my kids, making new friends, family, and romantic relationships.I&#x27;ll admit the beginning was a bit harsh on avoidance behaviors but it does ease up a bit and by the end is understanding and gentle. I think this type of person has to help themselves, no one can do it for them. But to me that&#x27;s also the relief, if I can&#x27;t do anything about it then I know now not to waste any more time.That&#x27;s what I love about this book, it teaches you to recognize where to put in your life and effort. I feel energized and like I&#x27;ve unlocked some mystic skill to understand people better. Literally everyone on this planet should read this book.One more thing, I would take these behaviors with a grain of salt. I think we can all exhibit these behaviors at various times and its smart to know what&#x27;s going on. Anyone who is making a positive effort towards communicating and resolution is far more important than their default behavior.This book has changed my life for the better and I believe it will change yours for the better as well.","March 28, 2026",True,4
1585429139,Attached: The Science of Adult Attachment,Amir Levine & Rachel Heller,R1GDTC3ITHX397,,5,A Game-Changing Book on Relationships,"Attached is one of those rare books that doesn’t just explain relationships, it reframes how you understand yourself and others. The clear, compassionate breakdown of attachment theory makes complex psychology feel practical, relatable, and immediately useful.What sets this book apart is how actionable it is. Rather than blaming or labeling, Attached gives language to patterns many of us have felt but couldn’t quite name. It helped me recognize how attachment styles shape communication, conflict, intimacy, and even the partners we choose and more importantly, how awareness can lead to healthier, more secure relationships.The real power of this book is its balance of science and empathy. It doesn’t shame anxious or avoidant tendencies; it explains them. And in doing so, it creates space for self-compassion, growth, and better decision-making in love.Whether you’re single, dating, or in a long-term relationship, Attached is an essential read. It’s honest without being harsh, insightful without being academic, and empowering without being prescriptive. I recommend it to anyone who wants to stop repeating the same relationship cycles and start building connections that actually feel safe, stable, and fulfilling.","January 20, 2026",True,11
1585429139,Attached: The Science of Adult Attachment,Amir Levine & Rachel Heller,R2U473ST1VUAA1,,5,If you struggle in relationships and you wanna know why,"5 stars Know Yourself First🫵🏽This book is an easy, straightforward read that doesn’t require a psychology degree to understand though if you have one, you’ll appreciate how grounded it is in real research. The concepts are clear, the examples are relatable, and you will absolutely see yourself and the people in your life on these pages.What I appreciated most is that this book isn’t really about fixing your partner. It’s about understanding yourself your patterns, your needs, and why you respond the way you do in relationships. Coming from a background in psychology, sociology, and trauma informed care, I found it to be a solid, accessible framework for things I already had language for, but presented in a way that makes it easy to share with someone who doesn’t have that background.One thing worth noting nothing is totally one thing or the other. I found myself mostly anxious leaning secure, but I could see traces of pulling away in certain pages. Things like not calling back a third time or threatening to end things when I felt unheard. And for my partner, his avoidance isn’t total he genuinely enjoys closeness and connection. But when things feel really good, his nervous system gets scared and he creates distance. That nuance is in the book too, and it makes it feel real rather than clinical.Highly recommend for anyone doing personal growth work or trying to build healthier connections with the people they love.","April 19, 2026",True,2
1585429139,Attached: The Science of Adult Attachment,Amir Levine & Rachel Heller,R28RX13UJP1QBO,,5,It gave me a new way of looking at myself and the people I am close to.,"This book helped me understand patterns in all my relationships that I never had words for before, and gave me practical tools to make them better. What makes it different is that it shows attachment styles can actually change, and gives you a concrete road map for how to get there. It&#x27;s not just about romantic relationships, it applies to every important connection in your life. A fascinating read that gave me a completely new way of looking at myself and the people I&#x27;m close to. A must read !","April 18, 2026",True,2
1641523557,Attachment Theory Workbook,Annie Chen,R394F45TG36AOO,,5,Great book! 📚 HIGHLY RECOMMEND!,Workbooks are great for self improvement. This book has very helpful information and is easy to understand and work through. I have gotten multiple workbooks recently. I think it’s important we all work on bettering ourselves and healing any trauma or wounds we have. Many of us have learned unhealthy behaviors growing up and books like these help us change and become healthier. Loving yourself is super important and I promise you when you heal yourself you attract better company. Some manipulative people can see vulnerability in people and that’s how we end up in toxic relationships. When we have healed and know boundaries we put ourself first and won’t stand for that crap. I find these books very helpful. I’m happy. 👍,"October 20, 2025",True,7
1641523557,Attachment Theory Workbook,Annie Chen,R1IY4131Z2O0FP,,4,Helpful,"Loved this book. Really helped me learn a lot. I liked the exercises in it although I couldn&#x27;t do them all.Because i&#x27;m not in a relationship anymore, but it helped me see the other side of things and helped me see. I was doing things I didn&#x27;t know I was doing. Very helpful book.I would suggest it to anyone","November 26, 2025",True,5
1641523557,Attachment Theory Workbook,Annie Chen,R1MRVYT9IJQ4WJ,,5,Perfect for self or with client,"Self care, self reflection or understanding attachments, this workbook does it all. It doesn’t have disorganized attachments, but that’s OK because it sets you up to do that work after understanding, anxious, and avoidant in general. If you’re looking for a good workbook to do for yourself or with a client, this is perfect.","May 3, 2026",True,0
1641523557,Attachment Theory Workbook,Annie Chen,RFP9MS7ZYNHYM,,3,Very Helpful for Anxious and Dismissive-Avoidant - NOT for Disorganized/Fearful-Avoidant,"I had a therapist recommend me this workbook, and it was very helpful in helping me shift from an anxious to a secure attachment style. The book contains assessments, guidance, and exercises to work through - all of which were very helpful! My one major concern with this workbook though is that disorganized /fearful-avoidant attachment is not included. This is such a shame because those with a disorganized attachment style are often times overlooked due to the lower statistics, but they deserve equal support and care. Overall, I do recommend this book for those with a dismissing-avoidant or anxious attachment style - it was very helpful for me personally. Though, I do wish the authors could update the workbook to make it accessible to those with a disorganized attachment.","June 13, 2025",True,21
1641523557,Attachment Theory Workbook,Annie Chen,RCAO4IWTOKSH6,,5,Therapist that LOVES this Workbook,"I&#x27;m a therapist, and not only have I recommended this workbook for couples, but also for individuals. It&#x27;s an amazing workbook to enhance your therapy experience and to understand your internal process. I especially love the chapter that gives examples on how to support your partner who is deconstructing a particular attachment style. I first purchased the workbook in early 2024 and I came back here to recommend to another client. I thought it would only be right to write a review! LOL. I use this workbook in session and assign homework outside of session. I&#x27;ve even given the workbook as a gift!","July 8, 2025",True,18
1641523557,Attachment Theory Workbook,Annie Chen,RE1SRRLKLF4Q6,,5,100% Satisfied! Just what I needed,"I am one chapter in and it&#x27;s already changed the way I think and given me hope. I absolutely love how this author/therapist writes and organizes her book. It&#x27;s a fantastic workbook where you can interact immediately with the easy to understand content. I did a lot of research prior to purchasing a book on attachment the theory and this book kept coming up at the top of the recommended lists and I can totally see why. I usually don&#x27;t write a review until I&#x27;ve read a book, but I can already tell based on just one chapter that this is the precisely what I needed. I am a super picky reader and as a teacher, I have very high standards when it comes to the organization of content at the end, how to present the content in easy to understand, applicable and relevant ways. Thus book exceeds my expectations!","January 5, 2026",True,3
1641523557,Attachment Theory Workbook,Annie Chen,R46IF5JQWHKYJ,,5,A Transformative Guide for Building Healthier Relationships,"The Attachment Theory Workbook is an outstanding resource for anyone seeking to understand how attachment styles influence their relationships and how to create greater emotional stability. The book breaks down complex psychological concepts into accessible language, making it perfect for both professionals and individuals on their personal growth journey.The exercises are insightful and actionable, helping readers identify their attachment style, explore the root causes of relational patterns, and develop healthier ways of connecting with others. I especially appreciated how the workbook provides practical tools for addressing insecurities, improving communication, and fostering trust in relationships.What sets this workbook apart is its compassionate tone. It encourages self-reflection without judgment, offering hope for positive change regardless of past experiences.Whether you&#x27;re looking to strengthen your romantic relationships, deepen family bonds, or simply understand yourself better, this workbook is a valuable tool. Highly recommended for therapists, couples, and anyone seeking to improve their relational well-being!","January 12, 2025",True,20
1641523557,Attachment Theory Workbook,Annie Chen,R3BL4JK2QXOJZA,,5,Good read,My councilor recommended this. Very insightful,"February 4, 2026",True,0
B093HJF1T7,Attachment Theory: A Guide to Strengthening Relationships,,R1PM75HAB0B5D4,,5,excellent intro,"Easy to read intro to attachment theory and simple steps to determine where you fit in attachment styles. Also,some coping mechanisms me for each style and associated symptoms","September 30, 2025",True,0
B093HJF1T7,Attachment Theory: A Guide to Strengthening Relationships,,RQO4S7W96T1Z4,,5,A must read.,This book will open your eyes.Content isn&#x27;t too heavy to grasp. But it is something you&#x27;ll want to re read. Or underline the part that really hit.I&#x27;ve recommended this to others after the first chapter.Which the first chapter I had to reread a few times because the point I was at in my life wasn&#x27;t really to hear such truths.Such a good book.,"November 2, 2025",True,2
B093HJF1T7,Attachment Theory: A Guide to Strengthening Relationships,,R3MCJJS8HCDTKD,,3,Wanted to love it,"I really wanted to love this book based off her YouTube videos. However, only 18 pages in this book is a mess. Topics jumps around, it’s hard to follow, and it does not sound like it was written professionally. I personally liked the book attached better.","March 26, 2020",True,33
B093HJF1T7,Attachment Theory: A Guide to Strengthening Relationships,,RVXBP1EEC03TV,,5,best of the three,"I have read all three major attachment books, and this is by far the best and most concise.","June 27, 2025",True,6
B093HJF1T7,Attachment Theory: A Guide to Strengthening Relationships,,R38QLEJFH8DGUO,,5,Great Informative Book on Attachments,Love this book. If you are looming to improve yourself and wonder why you act certain ways in your relationships then this is great for self care and discovery. Not to replace therapy but a great addiction to.,"July 1, 2025",True,2
B093HJF1T7,Attachment Theory: A Guide to Strengthening Relationships,,R344IXADEZ3ZUU,,5,Very helpful,Wanting to read a book for personal growth can be difficult unless you have a few light bulb moments to affirm the effort. I had many of these moments reading this book.,"December 13, 2025",True,0
B093HJF1T7,Attachment Theory: A Guide to Strengthening Relationships,,R3065F1DJD8P7B,,4,An astute and thorough look at the causes and driving forces of behavior within relationships.,"The author points out that our mind is constantly looking for supportive evidence of what our subconscious believes. And that’s the kicker. For those of us who were traumatized in some way when our brains and our sense of self were barely wired, as adults, we tend to react to others’ words and actions subconsciously, based on those early experiences. This book offers up behavioral techniques that can mitigate relationship problems based on subconscious responses that are inappropriate for present situations, but it is fairly obvious that quite a lot of work would be required to completely reverse one’s deeply ingrained knee-jerk subconscious responses. Still, It does seem like any time you can become aware that you’re making an inaccurate judgment call based on a subconscious reaction to an early trauma is at least movement in the right direction. And even though you may have to repeat the process of correcting your gut responses again and again, you’re still more aware than you were before. So with that in mind, this book is an enlightening read.","August 4, 2024",True,12
B093HJF1T7,Attachment Theory: A Guide to Strengthening Relationships,,R3406G7ON48KAX,,5,You got this,This book actually taught me alot I&#x27;ve read two attachment books now and this is the milder one and explains pretty well,"August 24, 2025",True,0
