id,title,subreddit,score,num_comments,url,created_date,post_body,segment_tag
1fpm7sw,"My GF cheated on me, and all my friends knew. ",self,23008,5346,https://reddit.com/r/self/comments/1fpm7sw/my_gf_cheated_on_me_and_all_my_friends_knew/,2024-09-26,"I met my girlfriend through my best mate. (Let's call him Dave.) He introduced me to his friend group, and I became part of it, my now ex girlfriend, (let's call her Emma) was also part of this group. There were 8 people in the group all together. 

We were friends for a while, I liked her, and I found out she liked me, asked her out, she said yes, and eventually we made it official. 

We were together for about 2, nearly 3 years, and I was honestly the happiest I've ever been. I thought we were perfect, we never argued, and overall, the relationship was great. Well, I thought it was.

I was so happy, and In my mind, she was ""The one"". I'd be thinking about it for a while, but I decided I was going to propose on our 3 year anniversary. I told Dave, and he was really happy for me. I wanted to arrange something romantic, like on the beach, or something you see on YouTube of these perfect proposals, I wanted it to be something we remembered forever. I wanted all of my friends help to arra",Betrayed / Cheated On
i3izig,UPDATE- My girlfriend (24 f) doesn't believe that I (22m) was taken advantage of.,relationship_advice,22878,792,https://reddit.com/r/relationship_advice/comments/i3izig/update_my_girlfriend_24_f_doesnt_believe_that_i/,2020-08-04,"OP- https://www.reddit.com/r/relationship_advice/comments/i236km/my_girlfriend_24_f_doesnt_believe_that_i_22m_was/?utm_medium=android_app&amp;utm_source=share


Thank you guys for the responses. 

I tried talking to her again and she apologized but I could tell that she wasn't really sorry. She only did it because she ""had to"" if that makes sense. I asked her how she would respond if we had a son and god forbid something happened to him. She didn't even respond. It reminded me of the way my parents responded when I told them. Crickets. I was 13 when I told them. In fact they still keep contact with the woman, a family friend who was like an aunt to me. 

I broke up with her and explained to her why. She was pissed. Called me every name in the book and said that it's fine because she didn't even like me that much anyway. I don't know how much of that is true or if she's saying it out of anger but I don't care. Any doubt I felt about breaking up vanished with her response. I was fully wi",Used / Taken Advantage Of
n69hzq,Today my best friend had a mental breakdown. He is my best friend but I realized I was never his best friend.,TrueOffMyChest,20507,432,https://reddit.com/r/TrueOffMyChest/comments/n69hzq/today_my_best_friend_had_a_mental_breakdown_he_is/,2021-05-06,"I have known Gary since my sophomore year, we have been best friends since then. He was always there for me no matter of the situation. When my ex cheated on me and dumped me, I was completely lost and had gone into depression because I loved her with my whole heart and never expected her to do that. After that I just spent my whole days in my room either playing games or masturbating. He saw this and came to my rescue, got me a gym membership, deleted every single porn video from my laptop and also got me into therapy. He even helped me preparing for my job interview because of which I have such a good job today.

He is the guy that everyone wants to be around, he is smart, charismatic, always smiling, funny and very down to earth. Many of our friends come to take advice from him because he gives good advice to everyone, he is a pure soul. Whenever I have a problem I go to him to talk about it. There are times I have cried in front of him. But today something different happened, we bo",Betrayed / Cheated On
1hri7zw,I hate my daughter. This is the first time I admit it out loud. ,self,18064,2672,https://reddit.com/r/self/comments/1hri7zw/i_hate_my_daughter_this_is_the_first_time_i_admit/,2025-01-02,"I know that she was shaped by her environment. I know that I failed in raising her well. I know that she grew up in a toxic environment. But I hate her guts.

My ex husband was very abusive to me. He is the most charismatic man so nobody believed me for a very long time. He said that I wasn't leaving his house alive when I took my two children, 14&amp;15 at the time and ran away. She called after a week and told him where I was. This was the only time he lost his shit when there were witnesses around at the motel and they called the cops. I filed for divorce afterwards and we had shared custody. I gave him everything in exchange of him leaving me alone. Promised not to ask for my part of our property and savings. Since then my daughter hated me because I ruined her world. She hated living in two homes. She started using force against me when she lived with me until my son told her that he would kill her if she put her hand on me again. She never came home afterwards. I knew that she wo",Post-Divorce Rebuilder
qttloi,Married the wrong girl,TrueOffMyChest,14933,828,https://reddit.com/r/TrueOffMyChest/comments/qttloi/married_the_wrong_girl/,2021-11-14,"I dated my wife since junior year and we kicked off pretty well. We loved each other and all was well. My mom and dad didn’t like her for some reason but I should have listened to them when they told me not to marry her. When they told me I didn’t want anything to do with them. Anyway we got married and I found out recently a month into our marriage she cheated on me and has multiple times with multiple men. Ever since I married her she changed. She turned into someone evil. Like pure evil. I despise her and everything she’s believes. I absolutely hate going home to her, she doesn’t do anything I ask her to do while I’m at work and complains that our dog is too hard to take care of. My dog isn’t even hard to take care of. I think my dog gives her trouble because she can tell she’s evil. Also about two weeks ago I was watching YouTube on my phone and she came over and broke a coffee mug over my head because I left my towel in the bathroom. Ruined my night so I left and slept in my car.",Betrayed / Cheated On
fbs8wk,My girlfriend of two years cheated on me for someone she met for a few months.,TrueOffMyChest,7909,594,https://reddit.com/r/TrueOffMyChest/comments/fbs8wk/my_girlfriend_of_two_years_cheated_on_me_for/,2020-03-01,"I'm new to this subreddit so please take it easy on me.

So I had a girlfriend. Everything was going well up until she started going to college at university far from our city. Her 1st year of uni was fine. We had some small fights and we could fix that. But it all became a shitstorm when her coach in frisbee (a 4th yr. student) started to make moves on her. Being the logical boyfriend that I was, I told her to let him know his place and leave us happily be.

**But life doesn't offer such conveniences now, doesn't it?**

I later learned from our mutual friend that she would secretly go out with that dipshit of a coach. I was always late to the news because I was a city away and GF would only come home once a week, so I would only know little to no news about her and her whereabouts until she got home.

One day, I was going home late from doing a thesis paper I'd been working on and decided to fetch my Gf from the field. IT was around 6 p.m and the field is already dark at this hour. As",Betrayed / Cheated On
yiqhuh,I went from planning our wedding to planning to break up - all over a dress,TrueOffMyChest,7776,659,https://reddit.com/r/TrueOffMyChest/comments/yiqhuh/i_went_from_planning_our_wedding_to_planning_to/,2022-10-31,"Throwaway, though I don’t think my fiancé cares to follow these circles of reddit, if he reddits at all. 

I’ve not been lucky in love. I thought that I hit the jackpot with my current boyfriend (now fiancé), because he was so sweet, funny, caring and gentle. I love him still. We were discussing marriage and moving in together up until an hour ago. 

But tonight marked a breaking point. I’d been ignoring so many things that he did that made me uncomfortable because the other times were great. I rationalized that he was so much better than my exes.

He let me set the pace for our sex life but would still push a little more and frame it as exposure therapy, or complain that we tried one thing once but never again, or not soon enough again. He would grope me constantly, pout if I didn’t let him and if I tried to stop him he’d playfully continue, all while justifying it because it was a compliment that I was just too sexy to resist. It got to the point I was actively avoiding any and all i",Post-Divorce Rebuilder
1e4hd4y,So I found something disturbing today.,TrueOffMyChest,7218,267,https://reddit.com/r/TrueOffMyChest/comments/1e4hd4y/so_i_found_something_disturbing_today/,2024-07-16,"So today my friends invited me to a group chat on telegram, I didn’t have it downloaded so I quickly downloaded it and put my number in, but my number was banned. Of course I was confused because before this I had never used it before, after contacting support and finally getting to long in I noticed many disturbing And out right sickening things. Fucking dog porn. Messages talking about having intercourse with dogs videos of awful inhumane things that made be physically sick even just seeing a single frame. I was so fucking confused because how the fuck would this be on here, I had never even used it before, then I remembered . A few years ago my ex boyfriend had asked to use my number for something he needed to “set up “ so I just did what he asked and gave him the code I had gotten. My fucking ex used MY number to access DOG PORN. What the hell do I even do???? 
The worst part is the profile picture was HIS FAMILY DOG LICKING HIS DICK.  I am fucking sick and shaking with anger right",Guarded / Can't Trust Again
mgx5wb,ALWAYS perform your due-diligence!,dating_advice,6416,415,https://reddit.com/r/dating_advice/comments/mgx5wb/always_perform_your_duediligence/,2021-03-31,"This morning I met a handsome(ish), charming gentleman who invited me out on a date tonight. I'm single and looking, so I agreed.

However!
HOWEVER!

I knew his first name and had his phone number, so I used google to try and find his last name.

And then I googled his full name.

The very first google result is a news report with his face plastered to the headline. The man has convictions a few years ago for beating his ex-wife. There is video of the incident.

I also googled the bar he invited me to. It doesn't open until after 10pm, and reviews are full of complaints about being roughed up by security, insulted by management, and IGNORED when they needed help/protection from other patrons.

I'm not going out with him, and I'm not going to that bar.

People- men and women- can seem friendly upon first meeting them, but before you meet with someone you don't know, do a background check first, and find out details about where you'll be going.",Post-Divorce Rebuilder
1p0jq4i,My ex’s girl bestie learned what it like to not be the hottest girl in the room.,TrueOffMyChest,5260,110,https://reddit.com/r/TrueOffMyChest/comments/1p0jq4i/my_exs_girl_bestie_learned_what_it_like_to_not_be/,2025-11-18,"Ok so this is petty but kinda funny to me so i thought id post.

So back in the day i was in love with this guy who we will call jay, let him treat me like dirt and whatever you’ve all heard it before. It’s embarrassing but i learned from it and moved on.

Anyway he had a “girl bestie” who we will call Amy , and she was actually one of the most passive aggressive people I’ve ever met in my life. Super mean to me, and at the time i was a bit chubbier so she was able to make me feel super bad about myself.

He always sided with her and brushed off her bullying as “joking” and “that’s just how she is” and it was a nightmare. We would fight about it all the time and he’d just call me insecure, which to be fair i was at the time. Anyway we broke up years ago but he did a number on me for sure.

I have no heard about this man in years because to me once we are done you are dead to me and i will never look up what you go going on, but i recently i met up with a old friend who had been part of",Guarded / Can't Trust Again
1kzn7l9,"My ""friend"" tried to set me up and now I know the truth",TrueOffMyChest,4078,26,https://reddit.com/r/TrueOffMyChest/comments/1kzn7l9/my_friend_tried_to_set_me_up_and_now_i_know_the/,2025-05-31,"About 6 months ago, my ""friend"" wanted to set me up with a girl who he thought I was hitting it off with. I wasn't looking to date, but she seemed cool so I went for it. Things were going great, but my ""friend"" was always sort of lingering and being weird about our relationship (making comments, trying to insert himself on our dates, talking shit about me when I tried to do something nice). A couple months into us dating, things imploded in a spectacular fashion. She ghosted me, popped back up, told me she just had a bad few weeks, then proceeded to stand me up in spectacular fashion for a date I had planned (where she picked the day and time!). 

After a bit of back and forth, and some half-hearted excuses, she left me on read after I told her that she should have given me a heads up if she couldn't make our date. It wasn't an emergency or anything that would prevent her from sending a quick text. I decided I didn't want to play those kind of games. She never reached out, and I didn't",General / Disappointed in Love
z1z20x,"UPDATE: 10 years ago, my girlfriend abandoned me and our 5 year old daughter, now she wants her family back",offmychest,4061,200,https://reddit.com/r/offmychest/comments/z1z20x/update_10_years_ago_my_girlfriend_abandoned_me/,2022-11-22,"I didnt expect so many answer, so, thanks to everyone for your answers and advices. Thanks to the ones who made me open my eyes and help me to realize I still having issues with my ex and Im not over with her, and over all, to the ones who pointed the risk of hurting my daughter that is letting her back in our lifes. I can recognize my weakness, but Im not letting her to hurt my baby again. So dont worry, Im not getting back with her.

Since the post, she had been insisting on meeting,  she wanted to talk. I decided to have one last talk with her and setting my boundaries. We met in a public place. The talk was long and hard, I wanted her to be honest, amd I told her the moment I caugth a lie I was leaving. I asked if she was really sorry, or are we her last option? Did she really love us, or are we just a consolation prize? Did she came back for love, or because she was unable to find another man anymore? She was unable to answer any of that. She only said things like ""it's not like t",Used / Taken Advantage Of
zhuaxy,My mom took my cheating ex girlfriends side over mine and i can never forgive her.,TrueOffMyChest,3854,372,https://reddit.com/r/TrueOffMyChest/comments/zhuaxy/my_mom_took_my_cheating_ex_girlfriends_side_over/,2022-12-10,"Throwaway for privacy.

I was raised by single mom. my dad died 2 years after i was born. I focused on my career for the most part of my life and my mom supported me doing that. but when i was 20 i met my ex girlfriend and we got together. we were colleagues first but she told me she'd work in a different sector soon. in her new workplace she met a new guy who she fell ""in love"" with while being in a relationship with me.

i only found out because she admitted to have sex with him to me after she went out for ""girls night"" with her friends. i immediately broke up with her and threw her out. a few hours of me trying to process what happened my mum called me and shouted at me that she hasn't raised me like this. i was confused and asked what she meant and she said that my ex girlfriend accused me of cheating on her and that she ""found prove"" of that on my phone. i couldn't believe what i just heard.

i tried to talk to my mother telling her that the exact opposite is true and that she ha",Used / Taken Advantage Of
7z1agt,My (now ex) boyfriend thought my business was going nowhere. I’ve made over 12k a month these past 3 months. I have no degree.,offmychest,3764,243,https://reddit.com/r/offmychest/comments/7z1agt/my_now_ex_boyfriend_thought_my_business_was_going/,2018-02-21,"TLDR: My (thankfully ex) boyfriend and his mother made me feel absolutely worthless in the two years I was with him. Made me feel like shit for not having a degree or having a more “prestigious” career path. I worked blood sweat and tears to build a salon with him discouraging me and nickel-and-diming me every chance he could even though he made more than I did at his civil servant job. 

I broke up with him, opened my business (in October) and now make more in a month than he makes in almost 4. 

DETAILS: 

His mom came from ridiculous amounts of money and had everything paid for including her degree, which she NEVER used because her husband she met in college had a great job and took care of her. She also has massive inheritance and oil money residuals every month rolling in.

She shit on me not having a college degree, even though I had no one to help me and also was alone in taking care of my disabled grandmother. I had to pick up a trade (cosmetologist esthetician) just to take ca",General / Disappointed in Love
99pwu9,"UPDATE: My [37M] Son [21M] Slept With My Girlfriend [32], I Don't Know How To Process This Level Of Betrayal",relationship_advice,3296,284,https://reddit.com/r/relationship_advice/comments/99pwu9/update_my_37m_son_21m_slept_with_my_girlfriend_32/,2018-08-23,"Original post can be found [here](https://www.reddit.com/r/relationship_advice/comments/98lvk9/trying_my_luck_on_this_sub_my_37m_son_21m_slept/) 

First off, I'd like to thank everyone for the enormous outpouring of support. I've had numerous people offering to their well-wishes privately and such compassion from those who commented. I believe it was this support, as well as that from my friends, that kept me from doing anything stupid. I'll try to keep this as concise and short sentenced as possible.

It's been a busy couple of days, to say the least. I unblocked both their numbers shortly after posting. My now ex called again that night, which I answered. I told her if she wasn't calling to make plans to pick up her stuff I was hanging up, and we decided on the next morning. I called a platonic female friend of mine that night and she agreed to be at my place before my ex showed up as a witness. I had everything packed up and waiting by the door. She showed up as expected and started",Guarded / Can't Trust Again
1b0et0o,I had an affair with a married man and I still don't think I deserve how kind his wife has been,TrueOffMyChest,3257,295,https://reddit.com/r/TrueOffMyChest/comments/1b0et0o/i_had_an_affair_with_a_married_man_and_i_still/,2024-02-26,"I didn't know he was cheating; he told me he was in his late 30s, never married, and there were no pictures of his family on his social media so I trusted him. I was 18; I know him being interested in someone so much younger should have been a red-flag, but I'd only recently got away from a pretty abusive home and having someone treat me like an adult made me feel special. But then I got pregnant; we weren't planning on it, but I was happy; I feel so stupid now but I really thought we could build a life together. He tried to pressure me into aborting, and when I said no (I've no judgement for anyone who would terminate in my situation, but I couldn't imagine doing it, and it's not an easy thing to get access to where I live) he just ghosted me entirely.
    
I ended up finding his real Facebook account; everything he told me except his first name was a lie. He's 45, and was married with two kids, the oldest being only three years younger than me. I ended up messaging his wife (I'll cal",Post-Divorce Rebuilder
xq0s6c,"I(38m) have been cheating on my imaginary girlfriend for two years now. Recently cut things off with the affair partner, and now she's trying to reveal everything to said girlfriend.",offmychest,2830,322,https://reddit.com/r/offmychest/comments/xq0s6c/i38m_have_been_cheating_on_my_imaginary/,2022-09-28,"So two years ago I got into some stupid nonsense. A woman I worked with asked me out on a date and wanting to be polite I told her that I already had a girlfriend, I didn't. She never really backed off and started flirting more with me, and so I began to lie more and create this entire backstory for my relationship. Sometimes as I explained these things other coworkers would hear me and comment and pretty soon, my fake relationship was common knowledge. I don't associate with my coworkers outside of work so nobody can prove anything I say as wrong.

Anyway, this woman I work with, the flirtatious one. Eventually I get stupid and we start sleeping together, I shouldn't have done this as she seems obsessive and weird, but I am such a loner that I just gave into it. To keep up with my lies I behave as though I'm having an affair, and can only see her briefly from time to time for sex and that's pretty much it. Recently she started talking about getting serious and I told her that I'm not",General / Disappointed in Love
1r29zkf,"What was your kneejerk reaction to MeToo, versus you long term reaction after the dust settled? I want to know if my experience is familiar.",AskMen,2334,1399,https://reddit.com/r/AskMen/comments/1r29zkf/what_was_your_kneejerk_reaction_to_metoo_versus/,2026-02-11,"Originally I had the knee jerk ""NotAllMen"" reaction. I was shocked that I was being lumped in with what I assumed was a small percentage of the male population, and that the women who were making these claims were probably exageratting, possibly out of solidarity and good intentions, but it couldn't have been because SA was THAT common. It was a TREND to say you were a victim, and you know how the internet loves a good viral trend.

Then, a person I was dating around the time told me how they get cat called every time they leave the apartment when I'm not with them. How when I was at a restaurant with them, and got up to use the rest room, a guy had asked her for their number. An ex of mine told me after I had a falling out with a friend, that he hit on her all the time when I wasn't there.

That's when it dawned on me. They weren't exaggerating, or if they are not to the extent that I was assuming. They had been keeping quiet and putting up with it.

After a while of actively observin",Guarded / Can't Trust Again
di4k2k,"I'll probably delete this later, but tonight I cleaned my room.",self,2055,132,https://reddit.com/r/self/comments/di4k2k/ill_probably_delete_this_later_but_tonight_i/,2019-10-15,"I'm 24, I live with my Dad, and I haven't cleaned my room out in 3 years.

3 years ago, I went through a bad breakup. My ex cheated on me, I spiraled. I entered a new relationship, which I am still in now, but for the whole duration I've never let my partner into my room at my Dad's place.

My Dad is a good man. He's never been into my room. He's never asked me to do anything really, and he's always said that he's proud of me and loves me.

My room has always been a massive source of anxiety for me. You see, I haven't cleaned it in three years. To clean my room, means inhaling dust. It means getting a broom and pushing everything from under my bed which I have kept hidden, acknowledging it, and deciding what to do with it.

It's a source of anxiety, because in my room, I had empty bottles of wine. I had empty goon bags. I had clothes that hadn't been washed in years. Cleaning my room, for me, meant acknowledging that something was very wrong.

Tonight, I confronted that. I can't believ",Betrayed / Cheated On
14bwl8m,Divorce is weird,offmychest,1900,186,https://reddit.com/r/offmychest/comments/14bwl8m/divorce_is_weird/,2023-06-17,"My ex-wife asked to separate in June 2022 (one year ago) and we were divorced in December 2022. It was definitely for the best, we weren’t happy together and had issues so overall I’m glad the relationship ended, but I’m struggling with finding out about my ex’s behavior post separation/divorce. I found out that two weeks after the separation, she went on a trip and met someone out of state, they began dating, and before the divorce was finalized she had moved, gotten engaged, and gotten pregnant with this person. 3 months after the divorce was finalized she was remarried. 

To learn this timeline has been so weird. I don’t know if I pity her or am jealous of her living her “best” life. I don’t miss her or wish we could reconcile, but I do feel this sense of shock that she moved on so rapidly. If I don’t want to be with her, why is learning of her life post-divorce so difficult for me? I’m better off but I’m so bothered by it.

UPDATE: Thank you for all the comments and support. We had",Post-Divorce Rebuilder
1avtzg7,Ex GF now regrets dumping me after years so I laughed &amp; told her to fuck off,TrueOffMyChest,1885,231,https://reddit.com/r/TrueOffMyChest/comments/1avtzg7/ex_gf_now_regrets_dumping_me_after_years_so_i/,2024-02-20,"So I have an ex GF who after years is now begging for me to take her back. 

We started dating in college &amp; back then I was pretty awkward. But I did love her very much. I always went above and beyond for her as much as I could. 

Even as a broke college student, I would give her my last just to make her happy. I thought we would last forever honestly. Lol. Well, long story short she cheated on me and slept with an old friend of mine.

The breakup messed me up pretty bad. So I put a pause on dating and I found peace investing my time into other things like my tech career, hobbies &amp; other stuff like that.

Now years later she’s begging me to get back together after SHE cheated on ME. She ran into me one day. She said that she wanted to catch up, and told me how she regretted it all, and regrets how everything happened.

I laughed at this and told her to fuck off. I said that I was not interested in catching up and that I had to go. 

Well, now she’s blowing up my Instagram and F",Betrayed / Cheated On
1ah1igc,My fiancée left me over a letter and willingly disappeared,TrueOffMyChest,1795,250,https://reddit.com/r/TrueOffMyChest/comments/1ah1igc/my_fiancée_left_me_over_a_letter_and_willingly/,2024-02-02,"She got up this morning to go to work like always. I found out when I got up a couple hours later and found the letter next to my cup in the kitchen. I called her but her number no longer exist. I called her boss and she told me she has taken some days off and that from now on she will work from home. She doesn't know where she is. Her parents and closest friends have received similar letters. 

They think I must know something because I am her fiancée. Or I was, she left the ring inside the envelope of my letter and broke up with me on the letter. But I don't know anything. I don't know where she has gone. I don't even know if the letter says the truth. She may be dead somewhere and I have no way of knowing.

I would like to say I'm heartbroken but right now I am just numb and overwhelmed and mad with worry. I mean my fiancée is gone forever apparently. She left me and she thinks I do not even deserve knowing if she is alive.

Apparently she feels too ugly to live in society and has r",Guarded / Can't Trust Again
1ktty8q,"I’m 21M and honestly, I’m just so damn tired of seeing guys constantly blaming women for their problems.",TrueOffMyChest,1707,292,https://reddit.com/r/TrueOffMyChest/comments/1ktty8q/im_21m_and_honestly_im_just_so_damn_tired_of/,2025-05-23,"Lately with people my age, and especially online, I’ve noticed this growing and subtle resentment for women. It’s really subtle at times, but it’s all over the place. Guys complaining they can’t approach women anymore. Complaining that they have to be perfect to get a woman’s attention, all the while turning around and dismissing anyone they don’t consider “hot enough” or of “high value.”

I’ve had enough of the whining. In my experience, women aren’t discouraging guys from approaching them. If anything, I’ve heard the OPPOSITE. Women are wondering why men have stopped trying altogether. Sure, you might run into someone rude here or there, but that happens to everyone. Social media distorts this. It convinces guys that women hate men, and then that belief spreads like wildfire.

You want to know why there aren’t support groups for men? Because WE DON’T build them. We wait around for someone else to help us, and then complain when no one does. That’s on us. Men bring other men down.

Th",General / Disappointed in Love
wxgqif,I was fat for 30 years and then lost 80lbs. It has made me appreciate the lack of male attention I’ve gotten my whole life.,TrueOffMyChest,1642,235,https://reddit.com/r/TrueOffMyChest/comments/wxgqif/i_was_fat_for_30_years_and_then_lost_80lbs_it_has/,2022-08-25,"In my early 30’s I lost 80 lbs after being overweight my whole life. I grew up with a very unhealthy lifestyle, then at the age of 18 I got into an LTR with a guy who had a “fat fetish” so I never attempted to lose weight. After 8 years him and I broke up and I met another guy who was into bigger women but that only last for 2 years and after that I decided to change my life around. I ate healthy, hit the gym, and lost 80lbs in 1 year and 9 months and the floodgates of men opened. 

For the first time in my life I’ve had scary incidences after being hit on by strangers. Before I lost the weight, being hit on never happened to me, now it can be a several times a week occurrence (I also didn’t expect this much attention from men because of my age) A guy got banned from a gym, one got kicked out of the store when he started following me around, yelling that he demands I tell him why I said no to giving him my number, because I don’t want to date wasn’t good enough for him. One had to be e",Guarded / Can't Trust Again
bkvocz,Caught wife cheating. Now what about her kids?,relationship_advice,1549,165,https://reddit.com/r/relationship_advice/comments/bkvocz/caught_wife_cheating_now_what_about_her_kids/,2019-05-05,"TD;DR Caught straw cheating with ex. I have bonded with her kids, what to do with them.

Really long sorry. Had to get it out.
I(m52) lost 1st wife 10 years ago. At the time 2 daughters now 21 &amp;24. Life went on after about 3 yrs. I met current wife(38). Met innocently enough. Basically kept bumping into her a various places around town. Never really talked, sometimes made eye contact we would point at each other at a distance and just smile. Then one day getting my car worked on, she walked into the waiting room, while hers was worked on also. So we finally had a long conversation. We went across the street to get real coffee, as service centers was bad. We talked about an hour, then I was paged mine was done. I asked if she would like to do lunch 1 day to continue talking, we exchanged numbers and a day to meet up.

We dated 2 years, then married. She has 2 boys now 10 and 14. They moved into my house, been living with her parents for 3 years. My girls loved her. Not as a step mom",Post-Divorce Rebuilder
1ctih1z,"My (30 M) ex (27 F) wants me to raise her kid that she had when she cheated on me, her friends won’t leave me alone, what’s should I do?",relationship_advice,1368,710,https://reddit.com/r/relationship_advice/comments/1ctih1z/my_30_m_ex_27_f_wants_me_to_raise_her_kid_that/,2024-05-16,"I (30 M) am still fighting over this conflict with my ex-girlfriend who I’ll call Jane (27 F) who ended up cheating on me after dating for 5 years. Me and Jane were childhood friends for as long as I can remember. I never thought in a million years that she would do this to me, or be this type of person who would cheat. I thought we had a great relationship with our normal ups and downs like any other couple. About a year ago I was contacted by some girl I didn’t know through social media, I don’t usually respond to messages sent by people I don’t know but this girl who I’ll call Sam sent me a message saying that Jane was cheating on me. Somehow she knew about Jane, I told her to please provide any proof she had. She ended up sending me screenshots of text messages of her friend, who I’ll call Kevin (28 M) and Jane texting each other, sending explicit messages, and talking some other sexual crap that I can’t describe on here. The thing that shocked me the most was the text Jane had sen",Betrayed / Cheated On
1g48fwl,"I Watched My Wife Choose Her Mother Over Our Marriage, and It Broke Me",TrueOffMyChest,1287,146,https://reddit.com/r/TrueOffMyChest/comments/1g48fwl/i_watched_my_wife_choose_her_mother_over_our/,2024-10-15,"feel like I’ve been carrying this pain alone for too long, and I need to let it out. I got married at 18. I thought I’d found my forever, someone to build a life with, someone who wanted the same things. But over our 10 years together, I watched my wife slip further and further away not because of anything I did, but because of the grip her mother had on her.

Her mother was always there, watching, judging, making her feel guilty for any time she didn’t spend with her. I tried everything to make it work. We even moved around, living in different cities and rural towns, hoping the distance would let us breathe. For a while, it worked. We felt like ourselves again. But the moment we returned, it all fell apart. Her mother’s influence was like a shadow, always creeping back in.

One time, after a month away, we came home to find everything in our house rearranged. It was like our home wasn’t ours anymore it was hers. It felt like she was staking her claim, making sure we knew she would al",Post-Divorce Rebuilder
fc6qly,Is my [19M] college ex-girlfriend [F18] harassing me? She sent someone to force himself into my dorm room. Was I right for taking administrative action?,relationship_advice,1241,112,https://reddit.com/r/relationship_advice/comments/fc6qly/is_my_19m_college_exgirlfriend_f18_harassing_me/,2020-03-02,"I'm a freshman in a US private university. Last semester I dated a girl, who we'll call Red. Long story short, Red and I broke up in one of the most hostile, volatile ways a relationship can end. She was extremely manipulative and used me for my time and money, and the breakup was me cutting her off from said privilege. After the breakup she continued to hound me about being friends, and it led into a huge argument in which we disowned each other. 

One of my Christmas gifts to her, a blanket, was still in my room. I forgot about it, and had she asked for it back, I would have given it back. But she made no mention of ever wanting this blanket left.

She threatened suicide and self harm if I left, so I reported her to the RA. Her professors and the campus coordinators know about her instability.

A week after that, I walked to my truck to find a passive-aggressive note taped to the windshield. It read ""Thank you for being so selfless and caring, and reminding me how much of a piece of",Used / Taken Advantage Of
pr7nph,PSA to men on apps: Blackmailers are targeting bored lonely men and seem super genuine at first. Trust no one.,dating,1191,170,https://reddit.com/r/dating/comments/pr7nph/psa_to_men_on_apps_blackmailers_are_targeting/,2021-09-19,"I matched with a ""girl"" on hinge and exchanged numbers. We started exchanged selfies and she then sent unsolicited nudes and asked me to reciprocate. When I didn't she then revealed she had somehow gotten my family's contact info, university, alt emails. She had also created fake messages and fake nudes using my face and threatened to release them if I didn't send $1000 in 12 minutes. I called there bluff and blocked and reported and I don't see any evidence that they followed through but I'm still reeling with anxiety and just completely lost my appetite and don't know what to do. I feel so dumb for falling for this and even sending the selfie she was too into me and too forward. I'm just really stressed now and feel like giving up trying to date forever and wipe my existence off the internet. 

So reminder to single lonely men that people will take advantage of your vulnerability and specifically target you for it. If it seems too good to be true then it probably is. Trust your gut.",Guarded / Can't Trust Again
1exiyek,"He cheated on me ""just in case""",dating,1030,367,https://reddit.com/r/dating/comments/1exiyek/he_cheated_on_me_just_in_case/,2024-08-21,"Finally found a guy who checked all the boxes. Tall, handsome, ""honest"" I thought, ""communicative"" it seemed, mature, great job, lived on his own, great sex, funny, smart, similar lifestyle and goals, the list goes on.

Well, he decided to cheat on me because ""although we didn't have an issues, I've just had this feeling from before I met you that nothing would work out, so just in case I wanted to have other girls ready so I didn't want to waste time. It was self preservation.""

I broke up with my abusive ex and have been trying to find a healthy love for 5 years. It's been SO difficult to find a man who doesn't smoke and has a career - that's just two boxes. He checked off like 20! I was happy with him but turns out he's an idiot, so it's straight back to square one. I'm just so annoyed 

Next morning edit: well I didn't expect this many responses. Thanks for hearing me out! Note that ""checking off boxes"" is a saying and not a literal list of requirements I bring to a date. Also, yes",Betrayed / Cheated On
1diclcg,I (M28) Broke Up With My Girlfriend Because She (F28) Wanted Me to Pay for EVERYTHING. I regret my decision. Was I in the wrong?,relationship_advice,1023,992,https://reddit.com/r/relationship_advice/comments/1diclcg/i_m28_broke_up_with_my_girlfriend_because_she_f28/,2024-06-17,"I (M28) broke up with my then girlfriend (F28) of 4 years because of money.

Through out my relationship with my ex, I always paid for dates which I am completely okay with. I paid for small trips we'd take across the state and she never had to drive a single time. She lived about 1.75 hours away and had a nicer car than me. I'd always pick her up and drop her off. I did not mind doing those things at all. Matter of fact, I loved it.

Things became tricky when she came to me with expectations about money a year into the relationship. She told me that she expected me to start contributing to her bills, such as her phone bill, her nails, and her hair. She also requested I pay for her special cosmetic skin treatments, shopping, cosmetic products and help her with her car payments.

When we had this conversation the first time it hit me like a truck. I thought I was being financially used and I disputed this for months on end. At some point she told me that the men she had dated in the pas",General / Disappointed in Love
1r9p2xs,Update: I told my mom not to marry the man she cheated on my dad,TrueOffMyChest,896,126,https://reddit.com/r/TrueOffMyChest/comments/1r9p2xs/update_i_told_my_mom_not_to_marry_the_man_she/,2026-02-20,"So after my last post, a lot happened and I wanted to update you all.

After that intense conversation where I told both my parents how I really felt, my mom was crying and I honestly thought everything was going to fall apart between us. I thought she'd be angry with me because I basically nuked her wedding and her relationship with her boyfriend.
But she wasn't angry at all. Actually the opposite  she's been even more kind and attentive to me than before. For a few days we didn't talk about the situation at all. She just took me out places, tried to keep my mood good, and acted normal with me.
Then we finally sat down and talked about everything properly.

She told me that I'm always her number one priority. That if I'm not happy, she won't do anything that hurts me. She thanked me for opening up to her and said she now understands what I'm feeling.
She's postponing the wedding. We are NOT moving to Switzerland next year. We're staying here in Spain for at least another year until I",Betrayed / Cheated On
1kq7mgm,"I (M/30) have a girlfriend (F/28) who does not want to ever meet my daughter, what can help?",relationship_advice,882,1066,https://reddit.com/r/relationship_advice/comments/1kq7mgm/i_m30_have_a_girlfriend_f28_who_does_not_want_to/,2025-05-19,"For a quick bit of background, I have a 3 year old daughter from a previous relationship, currently I'm able to see her once a week every Wednesday with the hope of being able to have more time in the future.

My current girlfriend has been a friend for over a decade until we finally got together 9 months back.
We've been fairly happy for most of it, the odd dissagreement but nothing crazy unusual.
She is unable to conceive or ever have a child of her own, I'm fine with this, understand how difficult that must be for and want to be supportive.

Due to this she has stated she never wants to meet my daughter, she doesn't want it rubbed in her face, what she feels she is missing out on.
She has stated she will meet my daughter perhaps at age 18 when she is old enough to understand why she's never met her but that's it, she wants absolute minimal contact for the duration of her life.
I want to respect her decision, but I feel like this could inevitably create a wedge between me and my chil",General / Disappointed in Love
aqxsy0,[UPDATE] I (25/m) just found out my pregnant GF (22/f) cheated on me. Her lover died. DNA tests in.,relationship_advice,848,156,https://reddit.com/r/relationship_advice/comments/aqxsy0/update_i_25m_just_found_out_my_pregnant_gf_22f/,2019-02-15,"Hey, Scumbag OP here. Minor update.

[Previous Post](https://www.reddit.com/r/relationship_advice/comments/ao6oue/i_25m_just_found_out_my_pregnant_gf_22f_cheated/)


So, I just spent valentine’s day with my ex… Talked about how we were going to get through this as adults. I’m still hurt, resentful and unsympathetic to her plight. But hey, we have a kid, yes, I am the father to my son. DNA test confirmed it. She wouldn’t agree to a test for the baby until it was born. I’m trying to play good cop, bad cop here. I don’t think she is on reddit but legally speaking I’m literally fucked when it comes to custody. I can’t go into the details. Her dad eventually collected my son, he wanted his mom and the phone was also returned. It only had a cracked screen. The phone isn’t a massive issue (I might reveal why later) unlike my employment, residence and immigration status. However, I am advised to make a non-binding agreement with her on custody out of court if possible.


The days after my pred",Betrayed / Cheated On
1m1t8s9,Ran into my ex who cheated and felt good that she wasn’t her best.,offmychest,698,29,https://reddit.com/r/offmychest/comments/1m1t8s9/ran_into_my_ex_who_cheated_and_felt_good_that_she/,2025-07-17,"Off the rip let me say I feel bad for feeling this way buuuuuuut,

Ran into my ex today who I dated for 5 and some change years in my late 20s ( now 34 and I think 5 years removed  of the relationship). She looked terrible. Gained a bunch of weight, married to the dude she cheated on me with ( that I didn’t have to worry about).she’s working the same BS job as she was in HS. Dealing with 9 years of higher education she’s not using. 
I never talked bad on her name to our mutual friends when we split ( which I feel like I had every right to given how she left on no notice and let me find out later she was a cheater). I was mad for a long time she stole the end of my 20s from me and I felt oddly euphoric today seeing she’d let herself go and is as far as I can tell in the exact same place as when we split years ago. I also feel incredibly guilty for feeling like that at the same time. 

In a way I kinda owe her? I got so squared away after we split. Lost a bunch of weight, better shape no",Betrayed / Cheated On
xzm5nl,"She left me for the guy she told me not to worry about, now wants me back since he rejected her.",relationship_advice,666,207,https://reddit.com/r/relationship_advice/comments/xzm5nl/she_left_me_for_the_guy_she_told_me_not_to_worry/,2022-10-09,"So, its kind of a long story. Back in october of last year i met a girl at a club and got her number, we talked alot and i began to really like her, she really liked me too. We started going out and our relationship was strong. But then i found out she had this guy friend who gives her flowers and asks her to the movies and stuff. She didnt tell me herself, i found out. Call me insecure or whatever, but i was upset by this. I talked to her about and she was like He's just a friend dont worry about him etc. and even said she would block him if it made me so uncomfortable. I thought nah its fine i guess i dont have to worry about him.Her parents absolutely despise me, so they made her break up with me. We were separated but we promised to still keep in touch and wait for each other. Fast forward a few months, i find out she's hooking up with that ""friend"". I havent been in contact with her for a few months but i text her, angry. Yeah, i know shes not my girlfriend at this point so i cant",Guarded / Can't Trust Again
18ukmk4,"I refuse to date anymore, it's easier to pick up randoms and watch porn",TrueOffMyChest,600,463,https://reddit.com/r/TrueOffMyChest/comments/18ukmk4/i_refuse_to_date_anymore_its_easier_to_pick_up/,2023-12-30,"I 33m refuse to date anymore, I've been in multiple committed relationships and was almost married at one time. I've always been loyal to my partners no matter what and have now been cheated on in all 3 or my last relationships including my then fiancé.

There is nothing that will change my mind on this now. After having my trust and heart broken so many times with infidelity its just not worth it.

The amount if social media/dating/random chat apps make it impossible to really know if your partner is truly faithful to your relationship and I'm tired of trying to compete with other men in this stupid game.

As a man you can't even express to your ""partner"" any issues you may be having without being emasculated and made to feel even more insecure.  At this point it's just easier to keep quiet and have random hookups or watch porn.

At one point I had dreamed of having a family of my own with a life long partner but that dream has been crushed and is now buried to deep to get back.

Anyw",Betrayed / Cheated On
yz9mcy,26M went out alone and got asked for my number :),dating,576,50,https://reddit.com/r/dating/comments/yz9mcy/26m_went_out_alone_and_got_asked_for_my_number/,2022-11-19,"So like a lot of people in this sub I suffer from severe anxiety. I spent most of my early 20s shut in not going out, making friends, dating, or really doing anything other than working, exercising, video games, and sleeping. I lived in a small town in the south and had a rough break up with the first GF I’d had in over 6 years, we dated for 2.5 months and it got to “I love you” pretty quick. It was rough for me because it mostly went bad due to my inexperience and anxiety, I had no idea what I was doing. I was left in my small town in close proximity to my ex and had little options as far as dating.

The break up really made me want to improve my social skills. Things that soured the relationship were times we went to concerts together, I just had no clue what to do at them. My anxiety would make me just stand there and bob my head pretending I was enjoying myself. If a mosh pit started I’d get far away from it, while my ex would crowd surf and get crazy. We got separated for over 2 h",Guarded / Can't Trust Again
156lyrs,The guy-friend she told me not to worry about ends up cheating on me with him,offmychest,564,101,https://reddit.com/r/offmychest/comments/156lyrs/the_guyfriend_she_told_me_not_to_worry_about_ends/,2023-07-22,"My ex gf never seemed like the kind of person who would deceive and betray me. 

That was one of the reason I introduced her to my family after some time in our relationship because to me she felt worth it

It was first relationship for both of us and I thought we'll end up being together forever.

At some point in relationship she started seeking male friendships behind my back and we had both set a boundary in our relationship that no opposite gender friends. 

I found out about her hidden social accounts and confronted her, first she lied and I thought maybe I was bluffing but eventually admitted but told me he's just a friend

Fast forward she started being distant, disrespectful and wouldn't wanna travel to see me because in her words 'she was tired and can't travel' (we lived in bordering countries) so when I had the time I decided to pay her a visit 

To my suprise this person who would be so. Happy to see me always was so cold and didn't seem excited about my visit. 

I knew so",Betrayed / Cheated On
o721sb,"Well, no guts no glory, I asked out my (M39) mechanic (F35?)",datingoverthirty,546,138,https://reddit.com/r/datingoverthirty/comments/o721sb/well_no_guts_no_glory_i_asked_out_my_m39_mechanic/,2021-06-24,"Yesterday I brought my car in to get some brake work looked at, was a recurring issue and I was peeved as I was $1800 in at this point.  I called and spoke with a woman who I had spoken to before on a few occasions and I remember her having a _very_ attractive personality, and let's just say she knows how to wear a pair of Lululemons.  She helped me out big time and saved me a ton of money.  I was really grateful and touched.  

Anyways, it's been a number of months since my separation, and my marriage was unofficially over long before that.  I decided to take the high road and make myself some lemonade out of the situation.  ""These women don't date themselves"" I thought to myself. 

So I wrote down some things I wanted to tell her, as I was expecting a call from her about my car and figured this was the only way this was going to happen - I can't make a pass at her in person in front of her coworkers and I'm not going to be some creepy guy that waits until she's done her shift.  

She",Post-Divorce Rebuilder
1cgu4nk,"My ex girlfriend was in love with her ex for 2.5 years, I feel taken advantage of.",self,542,237,https://reddit.com/r/self/comments/1cgu4nk/my_ex_girlfriend_was_in_love_with_her_ex_for_25/,2024-04-30,"Like the title says - I got dumped on holiday with by my (now) ex girlfriend. I got a talk for some closure with her and it turns out that as well adjusted and 'better on paper' I am than her abusive ex, she is/has been in love with him this whole time. 

And never been in love with me. Never felt the same connection, and faked it the whole time while she hoped the feelings would come eventually. Did all the steps people do to have a life together, we moved in and got some cats together, with her hoping the whole time that she'd eventually start to love me. But she told me in no uncertain terms the other day that no, she never felt endgame with me. Never felt anything deeper than attraction and a deep friendship really. 

And now that we've broken up, she's admitted she'll run back to her ex and if he's willing, they'd get back together. 

It really sucks cause it just feels like all I've done is kept the seat warm for the guy and give him time to improve as a person so my ex could run",Used / Taken Advantage Of
ovdwcw,"Well, it finally happened. I cried from loneliness",lonely,501,66,https://reddit.com/r/lonely/comments/ovdwcw/well_it_finally_happened_i_cried_from_loneliness/,2021-07-31,"Well, it finally happened. In 2011 I met a girl and we dated for 7 years. Throughout the relationship she said she couldn't have kids. I wanted kids but I stayed with her and said it's ok if we can't. After 7 years she cheated on me and got pregnant to another guy. I was depressed for 3 years straight.

Then in 2020, I met a woman on a paid-for dating site. I assumed it would help me to find someone serious. Well, it turned out after several months of getting to know her and bond with her 2 children that she was a prostitute (a real prostitute) and had been sleeping with men behind my back.

We had some furious arguments and in a drunken argument (her drunk), she said ""you mean less to me than air"".

When she said this. I lost it. I was so so so so hurt. She ended up blocking me on everything. I sent a whole bunch of emails asking if we can talk. Long story short, she stopped emailing me back and left me blocked. Today I found out she's been dating other guys.

I live alone. And I work",Betrayed / Cheated On
1c9ys0l,She left me after 18 years because I wasn't a good provider. Now I have to learn how to be a man. I'm turning 40 soon. ,offmychest,487,208,https://reddit.com/r/offmychest/comments/1c9ys0l/she_left_me_after_18_years_because_i_wasnt_a_good/,2024-04-22,"I was with my gf for 18 years. She left me for a mutual ""friend"" because I wasn't a good provider.

I failed to be a provider for this girl that I loved and I can't make excuses for that. I made enough to pay my half of the bills and she never had to help me with that, but she was making great money and got tired of not being able to do fun stuff. Of course she would pay for vacations sometimes and cover our bar tabs (we drank A LOT), but I was not able to match these efforts. After 18 years, she felt unprovided for and unprotected financially. She got bored and tired  of waiting. So she left me. It's been about 1 year now.

I grew up without any father figures in a family full of women. No one ever taught me how to be a man. I don't use that as an out for my failure. But it wouldn't be fair to me to not observe the fact that having no dudes teach me what I'm supposed to do definitely hurt me in the long run.

I'm turning 40 soon.  
I'm scared.  
I'm still heartbroken.  
I feel undesir",General / Disappointed in Love
si7eqj,"Just Turned 30, Never Thought I Would Be Forever Alone.",ForeverAlone,461,150,https://reddit.com/r/ForeverAlone/comments/si7eqj/just_turned_30_never_thought_i_would_be_forever/,2022-02-01,"I turned 30 last week. It's kind of surreal no longer considered a ""kid"" by societies rules. I honestly never thought I would make it to 30 and still be forever alone. It's crazy because I feel like I've done everything society says I should do to get a relationship but have never had one. I have a good job (I work in IT), my own apartment, I own a car, I also have an old muscle car I am restoring and have fun hobbies. But girls are never interested in me.

I work out, I surf, I skate and snowboard. I play a little guitar, I collect vinyl records, I play ice hockey, I play roller hockey and fish but I have never had a girlfriend.

It's not for the lack of trying either. I've asked out dozens of girls over the years. Usually just get rejected or if they give me their number they never respond to a text (or calls just go straight to voicemail)... I've only ever had a few dates over the years and only one turned into a second date, which seemed to be a pity date (the girl said she loved t",Guarded / Can't Trust Again
1sbv8hp,Just found out my ex had two kids since we broke up and I feel like a loser,TrueOffMyChest,449,218,https://reddit.com/r/TrueOffMyChest/comments/1sbv8hp/just_found_out_my_ex_had_two_kids_since_we_broke/,2026-04-04,"Throwaway account made especially to post this since I'm very active on reddit.

Yesterday I found out through a common friend that since I broke up with my ex he had two kids and is living with his girlfriend.

I was shocked at first but I thought it was going to have zero impact on my life. But I can't stop thinking about it. I don't miss him, I don't regret breaking up with him. I just hate that he got his shit together after me and I didn't.

I'm not dating anyone (it's a conscious decision I made after a few failed relationships after him and I realized I was better off alone than having to deal with guys). I was HAPPY I was alone and thriving at work, living my best life. And now all of a sudden I feel like I'm going to die alone.

We dated for eight years and the reason I broke up with him was because he had no drive, no resolution. He was always asking his mommy what to do even in the most trivial of things. We never moved in together, had no plans to marry, was terrified of me",Resigned / Sworn Off Love
sx1jxd,Why do guys not ask questions….,dating_advice,447,240,https://reddit.com/r/dating_advice/comments/sx1jxd/why_do_guys_not_ask_questions/,2022-02-20,"Most dating app conversations are one sided. I ask a question, they answer. I ask another question, they answer. They don’t even say “how about you?” a lot of the time - which I feel like is pretty easy to ask so that you can mutually get to know each other. 

This has happened on dates too. A guy I recently dated for about 6 months almost NEVER asked me questions about myself, yet acted really into me. On dates I would ask about his work, his friends, how things are going in his life. Absolutely not ONE question like that back to me. I would have to just offer up information about myself without being prompted which I don’t really like doing. I want someone who will share in things that are going on in my life. I broke up with him and we didn’t talk for a while, but then I gave him a second chance because he kept pursuing me. During the time that we weren’t talking I got hired for a new job and started a side business. He didn’t ask me one thing about how I’ve been since we last talke",One-Sided Giver / Depleted
1k7q3mw,His girlfriend called me,dating,443,135,https://reddit.com/r/dating/comments/1k7q3mw/his_girlfriend_called_me/,2025-04-25,"I was seeing someone for about 3 and a half months. Had no idea he had a girlfriend for 2+ years. On his birthday night, he told his girlfriend about me and gave her my phone number. She called me to ask details. We never really established what we were so I told her the truth as much as I could. According to her I was just a hook up to him and it meant nothing. They are staying together because they have a business together. I wouldn’t get back with him anyway - I hate liars and bad actors. I know I have it the easiest of the three people in the situation, they’re stuck in a relationship together and I’m free. But I’m having a really hard time focusing on anything but this. Had this happened to you? How did you move forward? How long did it take? What was your experience? What advice would you give to your younger self? Tough love is welcome but please be kind. I’m hurting a lot right now.",Guarded / Can't Trust Again
23h9v0,I moved across the country and now I'm so lonely it hurts to breathe. I hope someone reads this.,offmychest,416,55,https://reddit.com/r/offmychest/comments/23h9v0/i_moved_across_the_country_and_now_im_so_lonely/,2014-04-20,"I might have made a terrible decision. I thought I was going to be adventurous and get a new start at life. I thought I was going to find a direction to go in and make a career for myself. 

I know breaking up with my ex was the right thing to do, but months later, the emotional trauma he caused me from our relationship is apparent to me. He was the first person I'd ever fallen in love with and I truly thought we were going to get married. He was so kind and understood me like no one else. We had so much fun together, going on adventures, writing music, even just cuddling and watching Netflix. I could see the love in his eyes when he would kiss me and I could feel it when he would hold me tight. I could see it in the way his mouth smiled and hear it in the way he laughed. When we were together, it seemed like there were new colors to the world that I had never seen before.

We had an amazing relationship for two years. My friends thought we were so well matched that they called him the",Post-Divorce Rebuilder
1f8oea7,I was never someone else's first priority and it makes me feel worthless,self,385,83,https://reddit.com/r/self/comments/1f8oea7/i_was_never_someone_elses_first_priority_and_it/,2024-09-04,"All my life i was never my best friends's best friend. Nor my parents's favourite child ( I have 2 siblings). 
I flirted with women but never had a girlfriend except one. But that is a story itself. I married with my only girlfriend but i was so blind that i didn't see the signs that she doesn't love me. After marriage she told me she figured out she never loved me as a boyfriend/husband. As i said in the title, even my wife was prioritizing other things in her life before me. I was not in her top 3. Marriage ended shortly as you can guess.
Now i feel empty deep inside me. Don't know if that feeling will be gone or if i was the problem my whole life.",Post-Divorce Rebuilder
1hyyqj2,The Number 1 thing that has helped motivate me in dating,dating_advice,378,72,https://reddit.com/r/dating_advice/comments/1hyyqj2/the_number_1_thing_that_has_helped_motivate_me_in/,2025-01-11,"For me I used to hear that I would find someone, ""it'll happen one day when I least expect it"" you know, the typical bullshit people say to placate you. And then one day I realized that it may not happen. The odds are not in my favor. Plenty of people never find someone and die alone. This may seem strange but to me that helps motivate me. 

I want a partner, I want someone to do life with, the good, the bad, the ugly I want this with someone but it's not owed to me. I've put in YEARS of work. I've watched friends,  both men and women, who put in literally zero effort to find a partner, have great people fall into their laps. Some are married, some have kids, some are (or seem) disgustingly happy they have the romantic happiness I desperately want with a fraction of the effort that I have put in. In my experience if i do nothing, nothing will happen for me. I have never once in my life gotten anything I've really wanted without me putting in consistent, sizeable effort.

I've tried eve",Post-Divorce Rebuilder
1kxp4cg,When you steal a cheater and end up stalking his ex. Make it make sense 😂,offmychest,340,19,https://reddit.com/r/offmychest/comments/1kxp4cg/when_you_steal_a_cheater_and_end_up_stalking_his/,2025-05-28,"A few years ago, my ex cheated on me with his co-worker (BPO industry). That was the last straw after so many rounds of cheating and lies, so I finally walked away and never looked back.

Fast forward to today—they’ve been together for a couple of years now. Good for them, I guess. But here’s the part that cracks me up: the girl he cheated with still stalks my social media. We’re not friends, I don’t follow her, but without fail, she’s always on my story viewers list. Every. Damn. Time.

Last night, I felt a little petty and posted a screenshot of her name on the viewers list. Captioned it:
“If only I got a peso every time she viewed my story, I could buy her some self-esteem.”
And guess what? She viewed it. 😂

Like girl… are you not tired? You got the man, right? So why are you still watching me like a hawk? Oh wait—that’s right. No peace of mind. And do I think you deserve peace? Nah. You don’t.

You knew what you were signing up for when you picked someone who couldn’t stay loyal. E",Betrayed / Cheated On
159p9c3,I made a friend last night,lonely,331,15,https://reddit.com/r/lonely/comments/159p9c3/i_made_a_friend_last_night/,2023-07-25,"Last night I decided I was gonna get drunk and text my ex and all this other shit. I got to a bar and as I’m about to text my ex this dude comes up to me and goes “hey man, wanna shoot some pool?” 

Honestly I was so depressed I declined his offer like 10x lol


Anyways he’s like “come on man, we won’t even play competitive, just 2 guys drinkin beer and shooting pool” 

Fast forward to about 2 hours later we were bar hopping and having laughs that was much needed

I ended up driving him home because I was a lot more sober than he was. 

We exchanged numbers and honestly I didn’t think we’d ever talk again, which was kinda sad but I was just happy I had a really fun night after having such a bad day. 

Well, he texted me today and was like “hey man we gotta do this shit more often, that’s the most fun I’ve had in months” 

I finally made a friend, I was so fucking lonely and was ready to do something stupid. This guy will never know but he saved me last night.",Guarded / Can't Trust Again
1bwsvy8,"35, I'm another silent sufferering male.  This is the worst feeling. Getting off another 40hr work week and having no plans, no wife/kids, not even a date, nothing. I'm supposed to feel excited about the weekend but instead I just feel dead inside. I have noone to rush home to.",offmychest,330,264,https://reddit.com/r/offmychest/comments/1bwsvy8/35_im_another_silent_sufferering_male_this_is_the/,2024-04-05,"I had a girlfriend in highschool, and never again afterwards. It's just been 17 years of loneliness. I had a few one night stands that I wasn't into that much. I'm a romantic but the few times I was offered a one night stand I took it because I knew I was physically starving for touch since it had been years. Currently it's been 3 years since I've had sex, before that 7 years, before that 5 and 2.

I know I'm not the only one that feels this miserable, 1/3 guys are virgins or haven't had sex within a year or more. 

What are the rest of you doing? Do you still work and support society or did you just give up and move back in with your parents, or worse?

Edit: since everyone keeps asking

- No, I don't use dating apps and never have, I want to meet someone naturally, as it should be, and that should've never left our culture to begin with. 


Edit #2: This happens every single time a guy speaks up about being lonely. Whenever a guy claims he has troubles with dating, automatically, wom",Resigned / Sworn Off Love
qjd6s8,I’m 22 and I’ve done nothing.,lonely,297,71,https://reddit.com/r/lonely/comments/qjd6s8/im_22_and_ive_done_nothing/,2021-10-30,"I’m 22 years old and I’ve done absolutely nothing. In high school, talked to one girl in junior year in class only, never got her phone number even. Never went to a party or had a girlfriend or a kiss. Never even had a hug.

Now I’m in my last semester at college, still nothing has changed. What am I even doing? Am I that weird or repulsive?",Guarded / Can't Trust Again
1q28km3,"[UPDATE] I Might Be A Teen Dad Soon, And I Don't Know What To Do",TrueOffMyChest,296,8,https://reddit.com/r/TrueOffMyChest/comments/1q28km3/update_i_might_be_a_teen_dad_soon_and_i_dont_know/,2026-01-02,"Hey everyone. For those of you who might remember me from all they way back in 2023, I am back, and this time, with good news and a recap of everything that has happened since.

The original post got taken down, but for those of you who still remember, I was in a bad position with me being depressed, having thought that I possibly knocked up my ex and everything else. But I will start with the elephant in the room.

NO, she was never pregnant. EVER. She lied to me about the pregnancy to try and get me to stay, as she had severe abandonment issues. In fact, there were so many problems that she had that I was blind to at the time that made it easy for her to manipulate me. Luckily, I got out, with me being all the wiser about relationships and how to keep it in my pants.

As for my mental health, I am doing much better in that department as well. Luckily for me, I graduated school early in 2024 by studying my ass off and I'm now pursuing my dreams of going into film, which is indeed a da",Betrayed / Cheated On
1ct5fdj,I think I'm finally starting to break the pattern,self,293,41,https://reddit.com/r/self/comments/1ct5fdj/i_think_im_finally_starting_to_break_the_pattern/,2024-05-16,"My dating history hasn't been the best. When I look back at all the relationships and flings I'd been in since I started being involved with them, I just want to say sorry to my younger self. She gave everything to people that treated her like an afterthought. She deserved better. And I deserve better. 

I started dating at 14, with my first boyfriend being much older than me. I had little to no self esteem and he was the first boy that had ever called me beautiful, and I would have done anything to please him. No matter how many hours of sleep I lost or how distant I became from my friends and family, I would have done it. Then we broke up. 

My second boyfriend when I was 18 was finally my age, but he was even worse. He was the type to ignore calls and texts and would only initiate if I needed something. When someone would compliment me he would tell me I wasn't even that pretty. When I would get an award or achievement he would say it was because of him. He would withhold affection",One-Sided Giver / Depleted
g3puka,"I am in absolute disbelief at how she has destroyed me emotionally, please tell me normal people aren’t like this, I don’t know how I’ll ever trust a person again.",relationship_advice,257,67,https://reddit.com/r/relationship_advice/comments/g3puka/i_am_in_absolute_disbelief_at_how_she_has/,2020-04-18,"This is a long story but I need to get it out and I’d love someone to hear it.

 I was in a relationship for eight years. Eight years of blissful happiness for me, I can genuinely say with no rose tinted glasses that I felt thankful and lucky to have her in my life every day. She was stunning, funny, intelligent, independent and confident. 

Never before or since have I clicked with anyone in the way I clicked with her. We had a true fairytale relationship, travelled all over Europe together, all over the US. Helped each other through college and bought a little house together in our mid twenties, after seven and a half years. 

Out of nowhere, just three months into living in our house she breaks up with me. I’m beyond devastated and, as a lot of people do, spent a few weeks asking her to work things out and tell me what was wrong, as she had never shown an indication of unhappiness before this (we had literally just bought a house and two weeks previously she’d been asking me what ba",General / Disappointed in Love
1h8ggcv,Has anyone else here been single their whole life?,AskMenOver30,213,280,https://reddit.com/r/AskMenOver30/comments/1h8ggcv/has_anyone_else_here_been_single_their_whole_life/,2024-12-07,"I’m 29 turning 30 next year and I’ve pretty much been single my whole life. I had a girlfriend a few years ago but she was cheating on me behind my back and the relationship only lasted 2 months. It was barely even a relationship too, we just went to a restaurant once a week, it felt more or less like 2 friends just hanging out. Anyways I guess my story is that every girl I liked pretty much always had a boyfriend. I tried online dating but that went no where. I just ended up getting ghosted or I would hangout with a girl once or twice and then they would get busy and we wouldn’t hangout again and in instances it felt like I was constantly reaching out first and the girls that I liked at the time just gave me one word answers so I figured why bother to keep pursuing something that felt one sided. I have a couple of friends that are girls but they all pretty much have boyfriends. I guess you can say that I pretty much just have shitty luck when it comes to dating girls. I have a little",One-Sided Giver / Depleted
1gyg9nj,Been dating a guy 3 years. Found an unsent message to his ex. ,datingoverforty,192,228,https://reddit.com/r/datingoverforty/comments/1gyg9nj/been_dating_a_guy_3_years_found_an_unsent_message/,2024-11-24,"I have been seeing a guy for 3 years. Very serious from what I thought. He is a widow, dated a few people after she passed. One I knew he cared about a lot. She cheated on him. I knew his heart was broken, then I started dating him, I've been very understanding, he still loves his late wife and I completely understand that and give him the help and love through the hard days. I knew the ex girlfriend tried to get back with him in our first year into the relationship, he struggled but ultimately chose me. I've not liked her since, he's been friends with her for a long time, his late wife was friends with her. So, when I ask him if he's messaged her I let him know it bothers me. He always uses the excuse he was friends with her 1st. I know he is not seeing her, we are together all the time. I asked if he's talked to her lately and he said he wished her happy birthday and that's it. I just had a gut feeling something was up. I looked at his phone, he had a message that he typed out but ne",Betrayed / Cheated On
1sn21wt,I keep hearing that my ex’s life might be going horribly and I love it.,TrueOffMyChest,188,18,https://reddit.com/r/TrueOffMyChest/comments/1sn21wt/i_keep_hearing_that_my_exs_life_might_be_going/,2026-04-16,"Hi Reddit, I honestly don’t care if I get told I’m unjustified for this I just want to share one of my greatest joys currently in life.

So I may as well start with some context as to why I hate my ex. Just to put it out there, I don’t hate people very easily. It takes a lot to push me to the point where I hate a person.

I was with my ex for two and a half years and throughout our relationship she did a lot of things that I only realised were shitty after we broke up. (I don’t know how it took that long…) so here is a list of things she did.

1: she barely spoke to me in those two years, something I brought up to her as upsetting for me, she pretended to acknowledge and then proceeded to not change and instead gaslit me into saying nothing by claiming we were just really healthy for not talking all the time and not being co-dependent.

2: she never complimented me, instead she’d bring me down by pointing out things like if I had a spot, or blackheads and stuff. She also liked to say t",General / Disappointed in Love
1kofyef,First date jitters,datingoverthirty,185,63,https://reddit.com/r/datingoverthirty/comments/1kofyef/first_date_jitters/,2025-05-17,"So tomorrow I will embark on my first date since my divorce four years ago and 17 years since I started a relationship with my ex-wife. I have no idea how to be. The last four years I’ve been fine on my own. In fact I spent the years “fixing” myself. I feel like I am ready to see someone new but I am a nervous wreck especially since this is basically a blind date. I have no expectations but I can’t shake the feeling of being apprehensive about meeting this person… any advice would be greatly appreciated. 

UPDATE: The date went pretty well. I went into it with no expectations. We talked for a few hours and got to know each other. Since it was getting late we exchanged numbers and texted each other on our way home.  She was pretty rad. And had a similar experience, she was married for 11 years and had only recently started dating again. I want to thank you all for your encouragement, support and advice. I’m hoping for a second date soon…",Post-Divorce Rebuilder
b33lc6,9 months ago she cheated on me while my mother was dying in the hospital.,dating,178,71,https://reddit.com/r/dating/comments/b33lc6/9_months_ago_she_cheated_on_me_while_my_mother/,2019-03-19,"4 years after a bad breakup I finally found my next girlfriend. I've  never been with anyone this amazing to me in my life. She's cute, smart,  a very hard worker. She wants to do things with me that no other girl  I've never been with wanted to do like ride bikes in a different town  every single weekend. She cooked with me and we never argued. I thought  this one was going to be the one. I couldn't imagine any other woman  being the mother of my children.

Almost a year of seeing each other and countless adventures later my  mom's health started to decline. My mother recently was taken to the  hospital when she had collapsed in Goodwill while shopping. They've  given me a timeline of when they expect her to pass away now. This was a  couple of weeks ago.

The day my mom was admitted to the hospital I rushed from work to go  see her. When I got there she said hey and then started to cough up a  lot of blood. It was all over her hospital gown and face. This is not  how you want to see",Betrayed / Cheated On
i7aq4n,Update about cheating wife,relationship_advice,177,137,https://reddit.com/r/relationship_advice/comments/i7aq4n/update_about_cheating_wife/,2020-08-10,"I wrote some days ago about having learned that my wife of 14 years, and partner for 20 years, and mother to my three children, had cheated on me when our committed relationship was in its infancy. We had started dating in June 2000 and she cheated on me in January 2001. There was a guy back home, a friend of her older sister’s (three years older), and they had sort of played cat and mouse since she was fifteen, long before she met me. They lightly hooked up when she was eighteen (kissing), also before meeting me, but it wasn’t lustful and no sex. They just cared about each other. I know all this now because my wife kept very detailed journals and, with her permission, I have now read them in the hope that it would help me forgive her. It hasn’t.

Our early relationship was not perfect from her past perspective. I was not a fully open book due to family history of violence, alcoholism, and losing many people as a child who were supposed to love me forever. I was damaged goods. When I s",Betrayed / Cheated On
1cykso9,"Almost two years, and it's over. ",datingoverforty,173,43,https://reddit.com/r/datingoverforty/comments/1cykso9/almost_two_years_and_its_over/,2024-05-23,"I'm still a little numb and probably in denial a bit. I ended my relationship 5 days before the two year mark. My post history has the story, but basically he wanted to continue supporting his mother in law and adult son completely, while living in my house and not contributing. He also has a menagerie of animals that were left behind by other relatives and an ex girlfriend. I have asthma and he has 4 indoor cats.  My income has increased dramatically during the relationship, and it seemed like he assumed that I would foot more than my share for our future, so that he could enable other adults to leech off of him. He claimed he hated the situation, but never did a single concrete thing to change it. 

I'm really sad, and annoyed at myself because I knew better from the beginning. 

He messaged me the day after I ended it, telling me that he made a phone call regarding one of the steps to his mother in law living independently, and talked like there was still a chance. I told him he can",Guarded / Can't Trust Again
1mxm85o,Being More Attractive - A Positive Post,datingoverforty,169,104,https://reddit.com/r/datingoverforty/comments/1mxm85o/being_more_attractive_a_positive_post/,2025-08-22,"I'm 57m at the house chilling, and working on some projects tonight.

We all know dating is hard, and soul sucking. I'm still hopeful about my future. I took a long hard look at myself after the divorce, and realized that while I can't change what I look like, I can make myself more attractive. To that end, I have done the following:

Lost 30 lbs, got in the best shape of my life, by exercising regularly, caring more about my health, went to therapy, figured out a style that fits my personality,  I'm working on being a better person in every way. I'm learning new skills like mixing fancy cocktails, and honing old skills like cooking, and woodworking. I'm reading more, writing more, and learning more about who I am as an individual.

I am learning how to date better, and getting better at conversation with women.

For some specifics, I became a boot guy, and watch guy, and have several types of dress boots, and a nice analogue watch, I wear on dates, to be able to unplug from my smartwa",Post-Divorce Rebuilder
13ws52w,Online Dating Does Work if You Work it Right.,datingoverforty,168,51,https://reddit.com/r/datingoverforty/comments/13ws52w/online_dating_does_work_if_you_work_it_right/,2023-05-31,"I am curious about the people who claim that online apps don’t work for them. They worked for me better than anything else. I met my ex wife and mother of my kids in the late 90s on the old AOL personals. 

I met my wife in 2019 on Match.
I’m short (5’3”). I’m chubby. I wear glasses. I’m not rich. 2 of my 4 kids have special needs. 

But I had a clear, truthful profile, decent pictures, and communicated with my matches. Everything was disclosed- my height, livelihood, kids, etc so I knew my matches would have the full picture. 

So I have to ask those of you who claim OLD doesn’t work- 

- what are you withholding? 
- Are you overall positive? 
- Are you proactive about what you’re looking for in a match, or are you raising red flags of your own with the list of those who need not swipe right? 
- are you giving up after 2-5 matches or are you using the numbers in your favor? 

In 2019 when I re-entered the dating pool I met at least 10 women in person for lunch, dinner or coffee before",Post-Divorce Rebuilder
caaqtl,Am I a loser for being a virgin at 23?,socialskills,161,99,https://reddit.com/r/socialskills/comments/caaqtl/am_i_a_loser_for_being_a_virgin_at_23/,2019-07-07,"I had a girlfriend for 4 years, but we broke up about a year and a half ago. When we were together, she never had any interest in sex; in fact, she was vehemently against it and lost interest in non-intercourse intimacy with me as time passed. I didn’t want to make her uncomfortable, so I eventually stopped caring about it and went about the relationship as normal.

Yesterday I’m at my friends house and she came up in conversation. My friend tells me that he’s heard rumors through the grapevine that she’s been hooking up with a bunch of guys since we broke up, despite never having any interest in sex with me. So while she’s off doing that, I’m stuck here as a 23 year old virgin male, and I feel like that’s totally undesirable and abnormal in today’s society. I’ve felt this way since I was 17 - I saw all my friends getting attention and sex from girls even though I was the one doing all the right things in life. So I interpreted that as something about me makes me unlovable or unfuckabl",General / Disappointed in Love
1jatluu,Even a knucklehead can get a date,ForeverAlone,160,47,https://reddit.com/r/ForeverAlone/comments/1jatluu/even_a_knucklehead_can_get_a_date/,2025-03-14,"Today one of my coworkers who is a much older lady asked me if I had a girlfriend and I told her no. Then she says ""That's a shame. It's always the knuckleheads that end up having girlfriends. My daughter has dated a few"". It made me think for a while about how true that ends up being. I knew a guy who cheated on every girl he was with multiple times but never had trouble finding a girlfriend. Now he's married with a kid.

I've never abused or taken advantage of anyone or even thought about it, but I've never been able to get anyone to stay around. I'm not trying to be one of those guys saying I deserve someone just because I'm nice. It just makes me think there's something about my personality that's lacking to the point nobody wants to stay around despite how much i try. All my dating attempts can be summarized as: meet someone who has similar interests or hobbies and we talk for a while there seems to be a lot of mutual interest I think I finally find the one -&gt; they slowly lose",Betrayed / Cheated On
1n0bdy9,Girlfriend of 8 Years Cheated On Me while Unknowingly Pregnant With My Son,offmychest,155,28,https://reddit.com/r/offmychest/comments/1n0bdy9/girlfriend_of_8_years_cheated_on_me_while/,2025-08-26,My girlfriend of 8 years cheated on me while unknowingly pregnant with my son. I was with her for 8 years. I gave her everything and I put my best effort forth. I did so many things for her. I was there for her during her darkest moments. When I met her she was going through some serious turmoil in her life but I showed her love and compassion to get through her tough times. I would stay up and not get enough sleep just to talk to her. I worked manual labor for the longest so this was not easy. Staying up was hard and so was getting up every morning. I gave her everything I had. I became a member of her church just to marry her through it. I took classes and spent 2 years within the congregation. I tried my hardest. She was my first ever girlfriend. I did what I knew and that was try hard and give it my best shot. Then we had one big argument. She cheats on me. Then I find out after we find out we’re pregnant. She catches a STI and we both had to get treated for it. She ruined everythi,Betrayed / Cheated On
1li7rzx,Does anyone else fear dating?,datingoverthirty,153,173,https://reddit.com/r/datingoverthirty/comments/1li7rzx/does_anyone_else_fear_dating/,2025-06-23,"I know the title sounds ridiculous but im a 41 year old male who is divorced with 3 kids, I tried the dating apps but can barely last a week before I get bored of either talking to people or swiping.

 The main thing holding me back from really trying is the fact that I own my home and im worried that if I date someone and it goes on long enough and then they pull the plug they can take half my house and what ever else, I know it's a silly fear to have but it's not just my future I have to worry about but my kids as well. 

Does anyone have any tips on how I can get passed my fear of losing everything lol any online dating tips? I met my ex wife at a pub and my ex GF after the divorce was someone from my past so I've not had to really use Online dating haha.",Post-Divorce Rebuilder
17lc228,"If you are lonely and inexperienced, you are prey",ForeverAlone,139,39,https://reddit.com/r/ForeverAlone/comments/17lc228/if_you_are_lonely_and_inexperienced_you_are_prey/,2023-11-01,"An uncomfortable fact is that if you are a lonely and inexperienced man you are the ideal prey for a toxic woman. This is happened to me repeatedly and it’s just happened to me again. I met this woman and at first it seemed like something good, she appeared to be into me, said the things I wanted to hear, and roped me into thinking that I wasn’t doomed to be FA.

But that has rapidly changed, we were going on dates except these “dates” became me paying for stuff or experiences she wanted but never about time with me or her. She never asks anything about me, I doubt she even knows more than one or two facts about me. I have done it again, I have fallen for the trap of thinking someone could love me when instead I’m just a free meal or event when she’s bored.

My only real relationship was just like this too. My ex was very insecure and was worried about being FA. But that insecurity manifested in wanting a partner who was like a pet, she set all of these extreme boundaries of things I c",General / Disappointed in Love
10vifif,My friend is getting divorced from his cheating wife and I don't feel bad for him.,offmychest,136,34,https://reddit.com/r/offmychest/comments/10vifif/my_friend_is_getting_divorced_from_his_cheating/,2023-02-06,"My friend (Vic) started dating her (Isabella) in high school and it was fine at first until she admitted to him that she cheated on him with a classmate. They broke up and me and our friend group tried to cheer him up and tell him that she wasn't worth his energy and that it was best to move on. Two weeks later they get back together and Vic tells us that this is what he wants and that he refuses to give up on what they had, he told us that she was sooooo sorry and that she wanted to make it work. A few months later she cheats again with another classmate and the breakup again and he tells us he's done with her for good now but that was a lie.They secretly got back together and tried to run away together, he told his parents he would be staying the night with another friend (Patrick) after school so that by the time his parents found out he would be long gone, Patrick also had no idea about what was happening either. Vic's parents found out when they called Patrick's parents to ask Vic",Betrayed / Cheated On
1nsaitp,What is a single man 35+ looking for in this stage of his life?,AskMen,132,196,https://reddit.com/r/AskMen/comments/1nsaitp/what_is_a_single_man_35_looking_for_in_this_stage/,2025-09-28,"I’ve wanted to post this for a while but keep going back and forth on how to word this to effectively ask:

Would you be interested in pursuing a long term relationship, eventually get married and starting a family at this stage? 

Background: I’ve spent my entire life studying, and dating has always been on the back burner. Im ** edited to add: 36F (biologically, born female, etc etc) and have literally everything a woman could ever wish for and am generally happy in my life. I go to the gym, take care of myself and am always trying to better myself in every way. Additionally (Without sounding pompous, ) I’ve been told I’m easy on the eyes and get complimented often. I’m in a well paying medical field that has a lot of flexibility and do well financially. I have absolutely no drama in my life and am wondering if I’m just too closed off? 

The only thing missing in my life is a partner, but I’m at a loss for how to go about this, or if anyone would be interested in dating for the long",Post-Divorce Rebuilder
1gu33ke,My marriage absolutely destroyed me…,offmychest,131,49,https://reddit.com/r/offmychest/comments/1gu33ke/my_marriage_absolutely_destroyed_me/,2024-11-18,"Don’t know if anybody knows or anyone’s cares (most likely not as we all have our lives to deal with).  But my God it really broke me and I just really wish someone would acknowledge it.

It was the worst possible decision I ever made and imo single handedly just broke me.

I’ve never been “that girl”.  I don’t think I’m super ugly, but I am overweight, so same thing.  Point is I have never really had friends and never had a relationship.  By whatever means it was conveyed to me in childhood that no one would ever like me because I’m fat and guys/men would only use me for sex.  Whether that was just the truth or a self fulfilling prophecy, it’s somewhat what happened.

All I ever wanted, all I still want is to be pretty and for someone to like me.  I just wanted to be like the other girls.  Some would describe it as crazy or expecting to “be saved” but that what happened to everyone else.  They met some amazing guy while he was in grad school, they got married after he graduated, he wa",Post-Divorce Rebuilder
zmquiz,I had the uncomfortable breakup conversation this morning,datingoverforty,125,38,https://reddit.com/r/datingoverforty/comments/zmquiz/i_had_the_uncomfortable_breakup_conversation_this/,2022-12-15,"Hello everyone in cyberspace!

Well…after all of the constructive input you all gave me, I did indeed embrace my ginger ninja spirit and ended our unhealthy relationship. I didn’t go the way of mega-bitch because that’s just not me. I was kind yet firm in my decision. I left no room for him to even attempt to emotionally manipulate me into changing my position. 

Red flags I saw and mentally noted:

* He always refused to grow a spine and tell his mum that what she says about me just isn’t true or fair. He lacks boundaries with her and I’m not the first she has done this to. 

* I was frequently taken advantage of and manipulated into working harder and harder until I was actively running two entire households.  All while taking care of his non-verbal, epileptic son and making sure that *he* (my ex) had downtime at least twice a week on the golf course. No, I haven’t had fun in YEARS or even downtime. I experienced exactly 3 dinner dates in 15 months, of which he complained about anyth",Used / Taken Advantage Of
26tgn3,"You must think you are flattering, but please stop looking at me like that.",offmychest,123,53,https://reddit.com/r/offmychest/comments/26tgn3/you_must_think_you_are_flattering_but_please_stop/,2014-05-29,"I don't want to be attractive anymore. I don't want men to look at me anymore. I don't want to be put on a pedestal or treated like a unicorn for having a ""unique"" combination of traits. I don't want you to expect sex from me. You don't ""deserve"" it, you don't ""earn"" it, and my vagina is not your grand prize for all the effort you've put into our ""friendship"". 

I get that I am an attractive, confident female with ""male"" hobbies and working in a ""male dominated field"". At least, I was. Little by little, many of the people I have called ""friends"" have wore me down to the point where I think I might shatter into pieces if you look at me the wrong way. 

Random men have tried to sexually assault me on the street. I filed a police report, cried for a week and bought some pepper spray. My first few boyfriends treated me like I was nothing better than a fleshlight, and used me for sex. I broke up with them and refused to date anyone who didn't respect me in the future. My entire life, I've h",Used / Taken Advantage Of
1n2rstk,I feel unloveable,dating,123,37,https://reddit.com/r/dating/comments/1n2rstk/i_feel_unloveable/,2025-08-28,"I’m 25m. I’ve been effectively single for three years since my fiancé of 8 years (we were high school sweethearts) cheated on me with her little sisters “boyfriend” (her sister was 16, the man was 32 and supplied both of them with coke. The police could not care less when I reported the inappropriate relationship before I had found out about the infidelity) 

I’m just not sure what to do. I just cut contact with a woman I’d dated for two months because she wanted to clarify what our relationship was. She was smart, funny, and interested in commitment and starting a family which is all the things I also want, but I just felt nothing with her. I don’t hate myself like I did after the breakup, i’m open to the idea of allowing physical intimacy in my life again (I’ve only been with my ex fiancé sexually), I’m finally financially stable and am out of all my past debts, I’m about to finish the education I’ve spent the past 7 years paying for out of pocket for, and I really just want to start",Betrayed / Cheated On
fciqzt,"26M, just broke down crying because I've never had a girlfriend. I swear, being autistic is worse than having an STD",dating,122,102,https://reddit.com/r/dating/comments/fciqzt/26m_just_broke_down_crying_because_ive_never_had/,2020-03-02,"As the title says, and I'm a virgin (I've fooled around with 2 women but have never done penetrative sex). I'm getting fucking desperate.

Some asshole is probably going to tell me to ""man up"" or ""stop being a baby"", but hear me out. I work a minumum-wage job and have my own place. I'm also going to a university for a mechanical engineering degree. I am part of a running club, and automotive engineering club, and a comedy/improv club.

I work out, and am a half-marathoner. I am white, 6'2"", 200lbs, and have long, curly hair with a light beard. I have been told that I have ""no bad features"". I play guitar and bass in my free time, draw, record my own music, and love Star Wars and a lot of post-apocalyptic horror.

The number of different women I've dated + cuddled with + fooled around with is 31. Of those, 11 of them were willing to go on a second date. Of those, I took 6 of them up on their offer. With 2 of them, we couldn't agree on a relationship or FWBs. One led me on for three date",Guarded / Can't Trust Again
1p4cv8h,I get an erection when I talk to attractive women,dating_advice,119,69,https://reddit.com/r/dating_advice/comments/1p4cv8h/i_get_an_erection_when_i_talk_to_attractive_women/,2025-11-23,"I'm almost 28M. Never had a girlfriend, but I'm not a virgin and have even kissed a few girls.

Still, I have this problem. Everytime I seemingly hit it off with a woman, even though sex isn't on my mind at all, I start to get hard and I get all nervous and my body language gets all closed off trying to hide it. She'll either end the conversation or walk away while my back is turned. I feel like a creep.

This only happens to women I'm attracted to. Talking to girl friends, nothing.

How do I make it stop?",Guarded / Can't Trust Again
nvk2fh,"So very grateful for OLD, AKA An Ode To OLD",datingoverforty,109,75,https://reddit.com/r/datingoverforty/comments/nvk2fh/so_very_grateful_for_old_aka_an_ode_to_old/,2021-06-09,"I (M52) never thought I'd date online. And if I did I thought it would be at least a year after my separation/divorce before I did.

But a few months after I separated, my therapist told me it was time for me to start dating again, since the last year of my marriage had been so emotionally difficult (and loveless/sexless!) for me while my ex emotionally abandoned me, which meant --- my therapist said -- I'd been preparing myself mentally for the end for quite some time.

At first I tried to date organically. I'd put on decent clothes and go sit by myself in a pub, or take walks around the park hoping to return someone's smile. But nothing materialized, in no small part I'm sure because it was during the times of Covid, and also probably because I had old fashioned ideas of how people met their dates.

Then one night after most of the world was in bed, I was alone in my apartment, bored and lonely, scrolling on Facebook, when I saw an ad for online dating. I don't know what motivated me",Post-Divorce Rebuilder
1mdww0c,I’ve never had a girlfriend and I don’t know how to make someone like me,dating_advice,103,50,https://reddit.com/r/dating_advice/comments/1mdww0c/ive_never_had_a_girlfriend_and_i_dont_know_how_to/,2025-07-31,"I’m 25 and I’ve never been in a relationship.
I’ve liked people before, but it’s always been one-sided — no one I’ve liked has ever liked me back.

I try to be kind, to listen, and to genuinely care about others. But when it comes to love, I just feel invisible.

I don’t want to force anything, but I do want to connect with someone. I just don’t know how to even begin.

How do you start building something real when you’ve never experienced love?

Any advice or shared experiences would really mean a lot.",One-Sided Giver / Depleted
ds9jm,"Reddit, my girlfriend cheated on me...and she is supposed to move in with me next week.",self,103,414,https://reddit.com/r/self/comments/ds9jm/reddit_my_girlfriend_cheated_on_meand_she_is/,2010-10-17,"Back Story:
We have been dating for a while but its been long distance. She flew 6,000 miles just to see me for a few days last month and (I thought) she was crazy about me. In fact, she quit her job to try and find something closer to me and is supposed to move here next week-- in with me.

However, an hour ago she calls me up upset. She cheated on me....a week ago...after going out drinking with friends. Of course she says she was drunk and sorry. I told I needed to go and I would talk to her Monday.

Im angry right now--pissed. Guilty too somehow because of the distance. Sad all this fucking time was wasted.  Ive talked to her 3 times since she fucked some guy and nothing, not one word until she wakes me up from the dead of the night because her conscience finally got to her. 

And now, next week she is supposed to be moving here. She already gave up her apartment, bought her ticket, and quit her job. What the fuck should I do?

edit: fixed angry typos
edit2: Thanks for the comments",Betrayed / Cheated On
