JTBD #,Theme,Job Statement,Emotional Driver,Current Workarounds (what they try),Why It Fails,Core Opportunity,Intensity,Representative Reddit Voice
1,Breaking the inexperience loop,"When my lack of dating experience is itself the reason women reject me, I want to build real experience step by step, so I can stop being disqualified before anyone gets the chance to know me.","Shame, feeling trapped in a catch-22","Lying about experience; hiding it; hoping women won't ask; trying apps","The inexperience shows anyway (nervousness, awkwardness, not knowing how to escalate); lying creates anxiety","A framework or guided path that helps men gain real-world experience incrementally — early wins that build genuine confidence, not fake it",High,"'Most women see the fact that I've never had a girlfriend as a red flag and avoid me.' — r/ForeverAlone, 27M"
2,Understanding what is actually blocking them,"When I've done everything right — gym, career, therapy, hobbies — and still get zero results, I want to know exactly what is blocking me, so I can stop working on the wrong things and actually make progress.","Confusion, helplessness, injustice","Asking Reddit; reading self-help books; trying more and more things hoping something sticks","Generic advice ('be confident', 'work on yourself') doesn't explain the specific gap; they can't see what others see","Personalized, honest diagnosis of what's actually going wrong — not generic advice but specific, observable feedback",High,"'I go to the gym, eat healthy, go to events, get wingmen. No one is interested. With each rejection I get worn down.' — r/self, 35M"
3,Getting over approach anxiety,"When I see a woman I'm attracted to, I want to start a conversation without freezing or spiraling, so I can give myself a real shot instead of watching the moment pass every time.","Fear of rejection, fear of making her uncomfortable, social anxiety","Scripting openers; reading pickup content; practicing in low-stakes situations (talking to strangers)","Scripts feel fake and fall apart; the anxiety is physical and automatic, not just mental; years of avoidance have made it worse","Gradual exposure-based practice with real social situations — ideally with coaching or accountability, not just theory",High,"'I'm going to be alone forever because I'll never have the courage to ask a woman out. I have social anxiety and the thought of being judged will never go away.' — r/ForeverAlone, 23M"
4,Learning the mechanics of dating from zero,"When I finally get a date or a window to show interest, I want to know what to actually do and say at each stage, so I can move things forward without killing the moment through inexperience.","Embarrassment, feeling broken, fear of ruining it","Watching YouTube dating advice; reading Reddit threads; asking friends","Most content assumes some baseline experience; they don't even know the vocabulary (escalation, IOIs, texting cadence) let alone how to execute","Step-by-step practical coaching for true beginners — covering what attraction actually looks like and how to move through it in real time",High,"'I'm 28. Never had a girlfriend, never kissed. I'm going on a second date and have no clue what I'm doing. I'm freaking out.' — r/AskMen, 30M"
5,Decoding why less-deserving men succeed,"When I see men who treat women badly get girlfriends while I fail despite genuinely trying, I want to understand what actually creates attraction, so I can stop feeling invisible and start doing things that work.","Injustice, confusion, resentment","Reading 'red pill' content (which often leads them down a toxic path); asking friends; observing","The explanations they find are either toxic/objectifying or too vague to act on; good-guy behavior alone doesn't trigger attraction","Non-toxic, honest explanation of attraction dynamics — what signals matter and why — grounded in psychology not manipulation",High,"'I knew a guy who cheated on every girl, never had trouble finding a girlfriend. I've never taken advantage of anyone and can't get anyone to stay.' — r/ForeverAlone"
6,Escaping the friend zone pattern,"When I keep ending up as a woman's close male friend instead of a romantic interest, I want to understand what signals I'm not sending, so I can express genuine interest early without it feeling awkward or crossing a line.","Confusion, being unseen, feeling unfair","Being nicer; doing more favors; waiting for her to 'come around'; reading Reddit","Niceness without expressed interest reads as non-romantic; they don't know how to signal interest clearly; fear of ruining the friendship","A clear, practical model of how to express interest early and calibrate based on response — no manipulation, just honest communication",High,"'I have 7 close female friends, go out with them 1-on-1 regularly. I've never had a girlfriend. No one tries to introduce me to their single friends.' — r/dating_advice"
7,Coping with the physical sensation of loneliness,"When days or weeks pass without any physical touch or human warmth, I want to find something that genuinely relieves the ache, so I can stay functional and not feel like I'm slowly disappearing.","Visceral suffering, despair, physical ache","Sleeping more; staying busy; exercise; numbing with screens or gaming","These distract but don't address the underlying need; the feeling returns at night or on weekends; no sustainable relief","Acknowledgment that this is real and serious (not just 'man up') + community + tools for managing the physical and emotional weight",High,"'Nobody loves me. I've never been greeted with I love you or good morning. I just want to spend time with someone. I just want one hug.' — r/lonely"
8,Processing the shame of being 'late',"When I'm in my late 20s or 30s and have never been in a relationship, I want to make peace with my own timeline, so I can stop the shame spiral that kills my confidence before I even try.","Shame, self-disgust, feeling like a freak","Hiding it; lying about experience; avoiding situations where it might come up; ruminating","Shame doesn't go away by hiding it; it compounds; the more they hide it the more abnormal it feels","A safe space to normalize the experience + reframe it as recoverable — real stories of men who started late and succeeded",High,"'I'm worried I'll never find someone who won't see my lack of experience as a red flag. This is on my mind 24/7.' — r/self, 26M"
9,Finding where to actually meet women,"When dating apps produce zero results and I have no idea where else to look, I want a concrete strategy for meeting women offline, so I can stop depending on an algorithm that works against me.","Hopelessness, powerlessness","Trying every app (Tinder, Bumble, Hinge); asking friends to wing; going to bars/clubs they hate","Apps heavily favor women; they don't know how to behave in bars; events they attend rarely have available women","Practical, personalized guidance on venues and activities that match their personality and actually expose them to single women",Medium-High,"'No matches on apps, not many female connections through friends (new to city), no women interested at bars. Where do I meet women?' — r/dating_advice, 24M"
10,Building self-worth not tied to relationship status,"When I feel worthless because I've never been chosen by anyone, I want to build a sense of self that doesn't collapse with every rejection, so I can keep trying without sliding into depression.","Low self-worth, depression, comparison pain","Therapy; self-help books; gym; achieving career success; trying to 'love yourself'","External achievements don't solve internal validation hunger; advice to 'love yourself' feels hollow when no one else seems to","A structured approach to identity building beyond relationship status — helping men separate their value from their dating results",High,"'People say I just need confidence, but that has been completely stripped away after years of loneliness and rejection.' — r/ForeverAlone, 26M"
11,Managing neurodivergence in dating,"When I realize I'm autistic or neurodivergent and standard dating advice doesn't fit how my brain works, I want strategies designed specifically for me, so I can stop failing by following rules that were never made for people like me.","Alienation, feeling fundamentally broken","Generic dating advice (which doesn't account for their specific challenges); trying to mask/perform neurotypicality","Masking is exhausting and unsustainable; it often reads as 'off' to the other person; they burn out","Dating coaching or guidance explicitly tailored to neurodivergent men — different scripts, different social rules, different expectations",High,"'I'm autistic so speed dating isn't the way. I can't handle changes in environment. I'm just so lonely.' — r/ForeverAlone, 27M"
12,Destigmatizing and discussing the experience,"When I can't tell anyone in real life about my situation because they'll assume I'm an incel, I want a safe and honest space to talk about my experience, so I can stop carrying this alone and feel like I'm not a freak.","Isolation, stigma, fear of judgment","Reddit (ForeverAlone, lonely, dating_advice); keeping it completely private","Reddit gives temporary relief but no real solutions; the stigma of 'incel' label prevents honest conversation","A community or product that creates genuine, non-judgmental space for this experience — distinct from incel culture, focused on growth",High,"'I hate being forever alone but I think I hate the stigma almost as much. I'm not hateful, but people would assume I am if I told them my story.' — r/ForeverAlone, 29M"
13,Dealing with social media and couples comparison,"When I open my phone and see couples, Valentine's Day posts, or friends announcing relationships, I want to get through it without my mood collapsing, so I can maintain enough emotional stability to keep moving forward.","Comparison pain, FOMO, despair","Avoiding social media; deleting apps temporarily; distracting with games/work","They always come back; real life is full of couples too; avoidance doesn't build resilience","Tools for managing emotional exposure and building comparison resilience — plus honest reframes of what social media actually shows",Medium,"'Valentine's day is a nightmare. Every year I say I won't look at social media. Every single place you go you see couples hugging and kissing.' — r/lonely, 25M"
14,Understanding and managing rejection,"When I get rejected or ghosted after what felt like a genuine connection, I want to understand what actually happened, so I can learn something real instead of absorbing it as proof I'm unlovable.","Confusion, self-blame, hopelessness","Replaying conversations obsessively; asking friends; posting on Reddit","Friends give vague comfort ('she's not worth it'); Reddit is inconsistent; they have no feedback loop","A framework for processing rejection constructively — separating signal from noise, extracting real lessons, stopping the shame spiral",Medium-High,"'I got ghosted after asking her to hang out. I took it better than expected but man does it feel bad. How do I seek closure?' — r/AskMen, 21M"
15,Overcoming fear of physical intimacy after long abstinence,"When I finally get close to someone and physical intimacy becomes possible, I want to manage the anxiety and intensity that comes from years of deprivation, so I can be present and not scare her away by needing too much too fast.","Anxiety, fear of being 'too much', fear of finally having something and losing it","Trying to suppress needs; white-knuckling through dates; researching 'how to not come on too strong'","Suppression creates withdrawal and sends mixed signals; the need doesn't go away, it just gets expressed in unexpected moments","Preparation for intimacy milestones — helping men understand what healthy pacing looks like and how to communicate needs early",Medium-High,"'I know I would naturally want to be physically clingy because I've never had a girlfriend. I'm afraid of overwhelming her.' — r/ForeverAlone, 21M"
