segment_id,segment_name,market_share_pct,baseline_description,core_question,trigger_type,trigger_description,timing_window,buyable_window,sweet_spot_months_post_event,reddit_communities,search_queries,content_channels,converting_hook,testimonial_type,ad_campaign_angle,landing_page_angle,product_fit,special_notes,blocker_1,blocker_2,blocker_3,blocker_4,blocker_5,jtbd_type_1,jtbd_1,jtbd_type_2,jtbd_2,jtbd_type_3,jtbd_3,jtbd_type_4,jtbd_4,jtbd_type_5,jtbd_5
A,Chronic Gap,40%,"Never developed social confidence — gap has existed for years or decades. Has adapted around it through career focus, avoidance, or digital substitution.",Why is this so easy for everyone else?,Public Rejection,Specific rejection or visible humiliation crystallises the problem as urgent rather than background noise,Immediate — days to weeks post trigger,0–4 weeks,1–2 weeks,"r/socialskills, r/selfimprovement, r/dating_advice","why do I freeze up talking to women, how to stop being awkward, approach anxiety fix","Charisma on Command, Hamza Ahmed, HealthyGamerGG",Problem naming — gives his condition a name and frames it as a skill gap not a character flaw,I was always the awkward guy in every room. Now people actually remember when I leave.,Target men 22–35 actively searching after rejection event,You've always known something was off. Here's what it is and how to fix it.,One course serves both A and B — heavier on fundamentals and identity building for A,None,This kind of course only works for people who are already somewhat confident — not someone who has been awkward his whole life,"If I try these techniques and get rejected again, it will prove that nothing will ever work for me",I've already embarrassed myself — if those people see me acting differently now they'll think I'm fake,Social skills training makes men come across as try-hard — people can sense when someone is using rehearsed techniques,"I'm afraid that if I invest in this and fail again, I'll have nowhere left to go",Emotional,Stop dreading every time I walk into a room. Feel like someone who belongs there — not someone waiting to be found out,Functional,Approach a woman I'm attracted to without my mind going blank — have actual words come out and not replay the interaction for three days,Social,Be someone people remember and want to talk to again — not the guy others are polite to and then forget,Functional,Have a specific response ready for the next rejection that keeps my dignity and doesn't make things awkward,Emotional,Stop letting one bad moment define how I see myself in every social situation that follows
A,Chronic Gap,40%,"Never developed social confidence — gap has existed for years or decades. Has adapted around it through career focus, avoidance, or digital substitution.",Why is this so easy for everyone else?,Dating App Exhaustion,Months of no matches or no converting dates — tried the lower-stakes digital path and it failed. Now open to deeper work.,Immediate — within weeks of giving up on apps,0–4 weeks,Ongoing,"r/Tinder, r/hingeapp, r/dating_advice, r/ForeverAlone","why cant i get matches, why do women not respond to me, dating app advice men, am I undateable","How to Beast, dating app breakdown channels, Coach Kyle","Skill gap reframe — not a looks problem, a presence and personality problem",I spent 8 months on Hinge getting nowhere. Turns out I had a presence problem not a face problem.,Target men 22–35 searching dating app failure terms,You don't have a looks problem. You have a presence problem.,Same product — fundamentals focus,Strong retargeting opportunity from dating app content consumers,This is just another version of pickup artist content — it will make me seem fake and manipulative rather than genuinely attractive,Dating apps are algorithmically rigged to show the same top 20% to everyone — charisma doesn't fix a broken distribution system,I've already spent money on a photographer and profile reviews and nothing changed — why would this be different,Women on dating apps are so overwhelmed with options they'll never give someone like me a fair chance regardless of what I learn,Charisma courses teach generic techniques that every guy who's done one uses — women have seen it all before,Functional,Actually get to a third date. Not just match or get a reply — sit across from someone who wants to be there and feel like something real is starting,Emotional,Stop checking my phone hoping for a match and feeling worse about myself every hour I don't get one,Social,Be a man women describe to their friends as genuinely interesting — not just 'a guy I matched with',Functional,Convert a first date into a second without overanalyzing every message I sent or word I said on the night,Functional,Stop relying on apps entirely — have the confidence to meet women in real life so a phone algorithm doesn't control my dating life
A,Chronic Gap,40%,"Never developed social confidence — gap has existed for years or decades. Has adapted around it through career focus, avoidance, or digital substitution.",Why is this so easy for everyone else?,Age Milestone,"Turning 25, 30, or 35 forces a hard audit. The gap stops feeling temporary and starts feeling like a choice.",Immediate — within 30–60 days of milestone birthday,0–8 weeks,0–2 weeks post birthday,"r/selfimprovement, r/decidingtobebetter, r/AskMen","how to be more confident at 30, how to improve social skills as an adult, self improvement for men","Hamza Ahmed, Better Bachelor, self-improvement content",Now or never framing — this is the decision point not just another year,I was turning 30 and had never felt like I was really in the room. I decided that was the last birthday that felt that way.,Target men in the 30–60 day window around milestone birthdays via Meta age targeting,You're at the age where this stops being a phase and becomes a choice.,Same product,Consider birthday-based ad scheduling on Meta,Learning charisma from a course at 30 will make it feel scripted and unnatural — people will see that it is performed not real,I've been this way for 30 years — you can't fundamentally rewire a personality at this stage,Men who suddenly change their behavior at 30 come across as mid-life crisis energy and women can smell the desperation,Every self-improvement program says it works but the men it works for already had something to work with — I'm starting from zero,I should be focused on career and finances at this stage — this is the wrong priority for a 30-year-old,Social,Walk into a room at 30 and have people actually notice I am there. Not be the guy who could leave and nobody would know,Emotional,Stop having the same internal conversation every birthday where I promise myself things will be different this year,Functional,Have a social circle by 33 that actually reflects who I want to be — not the same drifted school contacts or proximity-only colleagues,Emotional,Feel like I chose this decade instead of letting it happen to me,Social,Be someone that men my age genuinely respect and want to be around — not just tolerated as part of a group
A,Chronic Gap,40%,"Never developed social confidence — gap has existed for years or decades. Has adapted around it through career focus, avoidance, or digital substitution.",Why is this so easy for everyone else?,Peer Success Contrast,A friend or peer with less apparent qualification visibly succeeds romantically or socially. The gap becomes concrete not abstract.,Immediate — within days of the moment,0–2 weeks,0–1 week,"r/socialskills, r/relationships, r/AskMen","how to be more attractive to women, why does he get girls and I don't, how to develop a magnetic personality","Charisma on Command, social comparison content, self-improvement channels","Gap concretisation — the gap is real and learnable, not mysterious",I watched my less successful friend walk out of a party with her number and I left alone. That was the night I decided something had to change.,Target men consuming social comparison and self-improvement content,The gap between you and him isn't luck. It's a learnable skill.,Same product,High emotional urgency — convert quickly,He is naturally like that — you either have it or you do not and no course can give someone what another person was just born with,If I try to be like him I'll just look like a knockoff version — and everyone will see I'm copying,"He's extroverted and I'm introverted — charisma training is designed for naturally social people, not for people like me",This will just make me want things I can't actually have and I'll end up more frustrated than when I started,"Success with women is about looks and money, not charisma — he succeeds because of those things not how he talks",Social,Be the man in the group people naturally pay attention to — not the one standing there watching it happen to someone else,Emotional,Stop feeling the specific shame of watching someone with less going for him succeed where I consistently fail,Functional,Have women in my social circle who are genuinely interested in me — not just politely friendly because I'm part of the group,Social,"Command the same respect in a room that the most magnetic man there gets — earned through presence, not just performance",Emotional,Replace the thought 'why not me' with something that feels like quiet confidence instead of quiet envy
A,Chronic Gap,40%,"Never developed social confidence — gap has existed for years or decades. Has adapted around it through career focus, avoidance, or digital substitution.",Why is this so easy for everyone else?,New City or Job,Old avoidance tactics don't transfer to a new environment. Forced social exposure with no safety net.,Immediate — within first 3 months of transition,0–12 weeks,2–6 weeks post move,"r/socialskills, r/moving, r/selfimprovement, city-specific subreddits","how to make friends in a new city, how to be more social, how to build a social circle from scratch",Self-improvement and social skills channels,Clean slate framing — this is the exact moment to build a different version of yourself,I moved to a new city at 28 and decided not to recreate the same quiet version of myself I'd always been.,Target men who recently moved or started new jobs via life event targeting,New city. New job. Perfect time to become the version of yourself you've been putting off.,Same product — high overlap with Segment B geographic relocation trigger,Strong life event targeting opportunity on Meta and LinkedIn,I need to make real impressions right now — a multi-week course is too slow for the urgency of this moment,Charisma I learn from a course will feel scripted — and people in a new environment with no prior context will see straight through it,In a new city everyone is busy building their own lives — no amount of charisma makes people who are already settled want new friends,The social dynamics where I'm going are completely different from anything I've known — generic charisma advice won't translate,"Making friends in your late 20s and 30s requires circumstances not skills — people bond over shared situations, not charm",Functional,Have actual people I can call in this city within three months — not just colleagues I eat lunch with because there is nobody else,Social,Be someone that new people genuinely want to see again — not the new guy who's trying a bit too hard,Functional,Know how to turn acquaintances into real friendships — not just exchange pleasantries and hope proximity does the work,Emotional,Stop dreading the first few months of starting over and feel like someone who knows how to build a life wherever he lands,Social,Build a reputation in this new environment early — before people have already decided what kind of person I am
B,Ruptured Man,50%,Had confidence or a life structure that masked the gap. A specific event collapsed the structure and left him socially exposed for the first time.,How do I become myself again — but better this time?,Divorce,Marriage ended — especially if she initiated or children are involved. Identity built around the role of husband is gone.,9–18 months post divorce,9–18 months,12–15 months,"r/Divorce, r/ExNoContact, r/AskMenOver30, r/AskMenOver40","how to rebuild confidence after divorce, starting over at 40, how to be attractive again after long marriage","Dr. K, relationship recovery channels migrating toward self-improvement over time",Transformation narrative — a man who went through exactly this and rebuilt into someone he respects,After my divorce I genuinely thought that part of my life was over. It wasn't. It was just starting.,Target men 35–52 whose divorce-related posts or searches are 9–18 months old,You're not starting over. You're starting with everything you learned.,Same product — heavier identity and emotional intelligence modules,High-value segment — financially stable and highly motivated. Do not target in the acute grief phase.,A charisma course is designed for young men learning to date for the first time — not for a 42-year-old man rebuilding after a marriage,After a divorce there is real grief to process — learning social techniques feels hollow when I'm still emotionally raw,My kids need to come first — I can't justify time or money on self-improvement right now,I don't even know if I want to date again — buying this course feels like making a decision I'm not ready to make,"The dating market at 42 has completely changed since I was last in it — I need practical knowledge for my age, not generic charisma",Emotional,"Feel like a man again — not someone's ex-husband, not a cautionary tale, just a person who has something real to offer",Functional,"Have a first date that goes well enough that she wants to see me again — and feel like I know what I'm doing, not fumbling through it",Social,"Walk into a room at 42 as a divorced man and have it be a strength, not something I have to explain or apologize for",Emotional,Stop defining myself by what ended and start building something I'm actually excited about,Functional,Have a framework for dating in my 40s that actually makes sense — not advice designed for 25-year-olds
B,Ruptured Man,50%,Had confidence or a life structure that masked the gap. A specific event collapsed the structure and left him socially exposed for the first time.,How do I become myself again — but better this time?,Long-Term Relationship Ending,"Relationship of 3+ years ends. Life was built around her — friends, routines, identity. Now structurally alone.",6–14 months post breakup,6–14 months,9–12 months,"r/BreakUps, r/ExNoContact, r/selfimprovement","how to find yourself after a long relationship, how to rebuild confidence after breakup, who am I after 5 years together","Dr. K, Charisma on Command — men typically migrate from grief content to self-improvement over 6–9 months",Emergence framing — the hardest part is over and this is when the real work begins,After 5 years I didn't know who I was outside that relationship. That confusion became the most useful thing that ever happened to me.,Target men whose breakup posts are 6–14 months old across r/BreakUps and r/ExNoContact,The hardest part is behind you. Now comes the part where you decide who you become.,Same product,Timing is critical — targeting at month 1 or 2 reaches grieving men not ready buyers,Buying a course to meet someone new means accepting it is over — and I am not sure I am ready to do that,I've been out of the game for 5 years — the dating landscape has completely changed and I don't understand the rules anymore,I'm still hoping she'll come back — investing in a course about moving on feels like giving up on that,"After being with one person for years I've forgotten how to be myself around new women — it's not just charisma I need, it's recalibration",Everyone will see this as rebound energy — I'm worried about coming across as recently heartbroken and desperate,Functional,"Go on a date and actually be present — not comparing everything to her, not running the old relationship in my head, just there with someone new",Emotional,Stop measuring every new woman against a benchmark that may not even have been real — feel genuinely curious about someone new,Social,"Have a version of myself that is separate from the relationship I was in — a person, not just half of a couple that no longer exists",Functional,Be able to talk about my past relationship on a date in a way that doesn't make me seem bitter or unfinished,Emotional,"Feel like this chapter ending was the start of something, not just a loss that doesn't have a second act"
B,Ruptured Man,50%,Had confidence or a life structure that masked the gap. A specific event collapsed the structure and left him socially exposed for the first time.,How do I become myself again — but better this time?,Cheating and Betrayal,"Partner cheated — confidence collapse layered on top of heartbreak. Questions his own judgment, his attractiveness, everything.",9–18 months post discovery,9–18 months,12–18 months,"r/survivinginfidelity, r/Infidelity, r/ExNoContact","how to rebuild self-worth after being cheated on, how to trust yourself again after betrayal, how to feel attractive again","Dr. K, betrayal trauma content migrating to self-improvement",Identity reclamation — you trusted your judgment and it was tested. Now rebuild on a foundation that isn't someone else's approval.,She cheated and I realised my confidence had been built entirely on her validation. I had to learn to own it for myself.,Target men in survivinginfidelity communities whose posts are 9+ months old — not recent,What she did broke your confidence. What you do next builds something that can't be taken away.,Same product — self-worth and trust modules especially relevant,Sensitive messaging required — avoid blame framing. Focus on reclamation not revenge.,My confidence problem is not about social skills — she broke my trust and no course fixes that,"If I build confidence and she finds out, she'll think she didn't affect me — and I want her to understand what she took from me",I trusted my judgment completely and got it catastrophically wrong — how can I trust any advice when my instincts failed me this badly,Any course I buy right now will just be rage-energy that burns off when I calm down — I'll regret making decisions from this emotional state,Women will sense that I've been hurt and see me as damaged goods — building confidence over it doesn't change what happened to me,Emotional,Feel attractive and worth being with without needing anyone to confirm it — own it from the inside so nobody can take it away from me again,Functional,Identify what I was missing or projecting so I don't repeat the same pattern with someone new,Social,Walk into a room and have people read me as a man who has his life together — not someone who just had the rug pulled out,Emotional,Stop replaying the moment I found out and feeling the physical shame of it — replace it with something that feels like the end of that chapter,Functional,"Date again from a position of genuine selection — choosing someone I want, not accepting whoever shows interest because my confidence is low"
B,Ruptured Man,50%,Had confidence or a life structure that masked the gap. A specific event collapsed the structure and left him socially exposed for the first time.,How do I become myself again — but better this time?,Identity-Losing Relationship,"Gave up friends, hobbies, and personality over the course of a long relationship. Emerged from it not recognising himself.",6–12 months post breakup,6–12 months,8–12 months,"r/ExNoContact, r/selfimprovement, r/decidingtobebetter","how to find yourself again after a relationship, how to get your personality back, how to stop losing yourself in relationships","Charisma on Command, self-discovery content, Dr. K","Rediscovery framing — who you were before her is still in there. He didn't disappear, he just got buried.",I gave up everything for that relationship. Rebuilding was the first time I actually chose who I wanted to be.,Target men posting about losing themselves in a relationship 6–12 months ago,You didn't lose yourself. You just forgot where you left him.,Same product — identity reconstruction modules weighted heavier,Strong emotional resonance — these men often feel deep shame about having lost themselves,I do not know who I want to become — so I cannot commit to any course because I would just be building a performance not a real person,My personality was suppressed for so long that I genuinely don't know what is authentic to me anymore — how can I develop it if I don't know what it is,Learning someone else's system for charisma feels like replacing one mold I was forced into with another one I'm choosing,My friends have moved on during the years I was in that relationship — I'm not sure I still have the social context to apply any of this,"I was charming and social before that relationship — what I need is not a course, I need to remove the damage she did",Social,"Be someone my friends recognise again — have opinions, take up space, be the same person whether I am with someone or completely alone",Emotional,Have something that is mine — a way of being in the world that isn't defined by or in reaction to her,Functional,Re-engage with the interests I abandoned for that relationship and have the social confidence to re-enter them without feeling like an outsider,Emotional,"Stop the automatic self-censoring that became a habit — say what I think, take up space, and not apologize for it",Social,Have a reputation among new people built entirely by me — not inherited from who I was in that relationship
B,Ruptured Man,50%,Had confidence or a life structure that masked the gap. A specific event collapsed the structure and left him socially exposed for the first time.,How do I become myself again — but better this time?,Redundancy or Firing,Lost a job that was load-bearing for identity. Confidence in his own presence and judgment is shattered alongside professional status.,3–9 months post job loss,3–9 months,4–7 months,"r/careerguidance, r/selfimprovement, r/AskMen","how to rebuild confidence after job loss, how to reinvent yourself, how to stop feeling worthless after redundancy",Professional development and self-improvement content,Competence-confidence reframe — your skills are real. What failed was how you were presenting them and yourself.,Getting made redundant was humiliating. It also forced me to realise I'd been hiding behind my job title for a decade.,Target men in career transition 3–9 months post redundancy via LinkedIn and self-improvement channels,You didn't lose what you know. You lost what was hiding the rest of you.,Same product — slight overlap with Segment C on professional confidence,"Avoid overselling professional outcomes — this segment needs identity work first, career results second",What I need is a new job — not a course to work on my personality while I have no income,I used my job title to feel status and purpose — building charisma feels hollow when the thing that validated me is gone,Confidence is something you earn through achievement — I can't fake my way to it while I'm failing professionally,This is the wrong investment right now — every pound I spend here is a pound not going into retraining or interview prep,Charisma development is a luxury for when the basics are in order — I need to fix the fundamentals first,Social,Walk into a room where nobody knows my job title and still feel like somebody worth talking to — not hollowed out without the thing that used to define me,Functional,"Interview in a way that puts the right kind of pressure on the room — confidence I'm choosing to project, not status borrowed from a title",Emotional,Separate my identity from my job title so that losing one doesn't mean losing the other — own who I am regardless of what I do,Social,Have my friends and network still see me as someone with weight and presence — not someone who lost their footing and is scrambling,Functional,"Build a social life that doesn't revolve around work connections — people who know me as a person, not a role"
B,Ruptured Man,50%,Had confidence or a life structure that masked the gap. A specific event collapsed the structure and left him socially exposed for the first time.,How do I become myself again — but better this time?,Geographic Relocation,Moved to a new city — existing social network gone overnight. Forced to build from zero with none of the familiar scaffolding.,Immediate to 6 months post move,0–6 months,1–3 months post move,"r/socialskills, r/moving, city-specific subreddits, r/AskMen","how to make friends as an adult man, how to build a social circle in a new city, how to meet people as a grown man",Social skills and self-improvement channels,Clean slate as opportunity — the best possible moment to build the version of yourself you've always wanted to be,Moving cities at 33 was terrifying. It was also the first time I built a social life that actually reflected who I wanted to be.,Target recent movers via geographic life event targeting on Meta,You moved cities. This is your window to move identities too.,Strong convergence point between Segment A and B — both arrive here via different routes,Life event targeting on Meta is precise for this trigger. High intent moment.,Charisma I learn from a course will feel scripted — and people in a new city with no prior context will see straight through it,In a new city everyone already has their social circles — all the charisma in the world doesn't open groups that are already closed,The people I need to meet here are professionals with demanding lives — they don't have time to become friends with strangers no matter how charming,"I've moved before and it got easier on its own once I settled in — I don't need to invest in this, I just need to give it time",A course takes weeks to work through — by the time I've finished it the critical early window for first impressions will be over,Functional,"Have people in this city who would actually text me on a Friday — a real circle, not surface-level work acquaintances — within three months of arriving",Social,Be known in this new environment as someone interesting and worth knowing before I've had to fight to prove it,Emotional,Stop feeling like a stranger in a city I chose to move to and start feeling like someone who belongs here,Functional,Have a repeatable approach for converting acquaintances into genuine connections — not just hoping circumstances bring people together,Social,Build a reputation in this city in the first six months — because first impressions are the ones that stick
B,Ruptured Man,50%,Had confidence or a life structure that masked the gap. A specific event collapsed the structure and left him socially exposed for the first time.,How do I become myself again — but better this time?,Kids Leaving Home,Was a father for 18–22 years — identity built entirely around that role. Last child leaves and the defining structure of his adult life is gone.,3–12 months after last child leaves,3–9 months,5–7 months,"r/AskMenOver40, r/AskMenOver50, empty nester communities, r/Divorce","who am I after kids leave home, how to start over at 50, how to meet people in your 50s, empty nest identity","Midlife reinvention content, life coaching channels",Legacy reframe — everything you built as a father is preparation for who you become next.,My youngest left for university and I realised I hadn't made a decision for myself in 20 years. That was a gift wrapped in terror.,Target men 47–58 in the empty nest transition phase via age and life event targeting,You spent 20 years building someone else. Now it's your turn.,Same product — older demographic may prefer cohort or live vs self-paced,High disposable income segment. Higher price point tolerance than younger cohorts.,This course is built for men trying to attract women in their 30s — it has nothing to say to a 52-year-old man who just needs to figure out who he is now,I've spent 20 years being dad — I genuinely don't know if the person I was before that is still in there or if he's just gone,People my age have known each other for decades — there is no room for a new person in established social circles at 52,"I don't want to date right now, I want to have a life — charisma courses are designed for men who want to attract women not men who just want to feel alive again",Self-improvement at 52 has an expiry date — whatever I build now I'll only have for a limited number of years before it starts to matter less,Functional,Fill the next six months with things I actually chose — not obligations or killing time but evenings and weekends with people I want to know,Emotional,Feel like the most interesting chapter of my life might still be ahead of me — not like I'm already in the epilogue,Social,"Build a social life that is entirely mine — not built around school runs, parent groups, or the world my marriage created",Functional,"Have a real answer to 'what do you do outside of work' — interests, friends, and a life I can describe with genuine enthusiasm",Emotional,Stop dreading Sunday evenings when the house is quiet and start having something to actually look forward to instead
B,Ruptured Man,50%,Had confidence or a life structure that masked the gap. A specific event collapsed the structure and left him socially exposed for the first time.,How do I become myself again — but better this time?,Left Religious or Ideological Community,Entire social world was built on a community that is now gone. Identity and belonging collapsed simultaneously.,6–18 months post exit,6–18 months,9–15 months,"r/exmormon, r/exchristian, r/exjw, r/atheism, community exit subreddits","how to make secular friends, how to build social skills without religion, how to meet people outside church",Secular self-improvement content,Secular belonging framing — connection and presence are learnable skills not divine gifts.,I left my church at 31 and realised every social skill I had was built for that one context. I had to learn how to actually connect with people.,Target men in ex-religious communities 6–18 months post exit,You built your social world on faith. Here's how to build it on skill.,Same product — strong community and belonging modules especially relevant,"Messaging must not mock religion. Focus on building forward, not criticising the past.",Learning connection from a structured programme feels like replacing one set of rules with another — I just escaped a system that told me how to behave,"My entire social world was inside that community — even if I learn new skills, I've lost everyone I knew and have nowhere to apply them",The reason I was good at connecting inside the church was shared beliefs — I don't know how to connect with people who don't share my framework,People who haven't been through what I've been through will find my background weird — and no amount of charisma bridges that gap,I don't know who I am without the moral framework I grew up in — building charisma feels premature when I'm still figuring out my basic values,Social,Walk into a room of strangers who share none of my history and have them genuinely want to talk to me again — not because of what group I belong to but because of who I am,Functional,Build friendships outside the community I left that can actually survive the knowledge of where I came from,Emotional,Stop feeling like an imposter in secular social spaces — feel genuinely at home somewhere that has nothing to do with who I used to be,Social,"Have a way to meet and connect with people that doesn't rely on belonging to an institution — skills that work in any room, any context",Emotional,"Own the story of where I've been in a way that makes me more interesting to people, not less — stop treating my past as something to hide"
C,Professional Optimizer,10%,"Already socially and professionally successful — gym-disciplined, career-strong, solid male friendships. Has optimized everything except intimate connection. Treats charm as the last untrained muscle.",I've built everything — why is this the one area where more effort doesn't equal more results?,New Love Interest,"Meets someone he's genuinely attracted to and realizes his usual approach — confident, composed, achievement-signaling — creates interest but not lasting attraction. Emotional availability and real presence are the missing piece.",Immediate — within 2–4 weeks of first meeting,0–3 weeks,1–2 weeks,"r/dating_advice, r/AskMen, r/selfimprovement, r/datingoverthirty","why do women lose interest after meeting a great guy, how to be more emotionally available, why women say I'm hard to read, how to create deeper attraction","Dating coaches who use performance and optimization language, fitness-adjacent self-improvement channels","Precision reframe — it's not about doing more, it's about showing up differently in the one context where your usual approach creates distance",I had an incredible first date and she said I seemed like I was interviewing her. I understood exactly what she meant.,Target high-achieving men 28–42 actively dating and consuming self-improvement content simultaneously,Your confidence works everywhere except here. Here's why — and what to do instead.,"Same product as Attraction Plateau — performance and optimization framing, not healing. Higher price tolerance. These two triggers often belong to the same man.","Pairs naturally with Attraction Plateau. Often the same man experiences both. Do not use vulnerability or healing language — use precision, calibration, performance.","The way I normally operate — confident, composed, in control — is exactly what makes me seem emotionally unavailable to women worth having","With women I'm actually attracted to I become calculated and stilted — I'm confident everywhere else, but with her I'm performing instead of being present",If I study how to be more attractive to her it means I'm not being authentic — and she'll eventually see through the effort,"I've been on first dates before and they go well, but she always labels me as 'too intense' or 'not emotionally available' — this is a pattern, not a skill gap","A course will give me techniques to seem warmer but won't change the underlying reason I shut down with women I actually care about — that might need therapy, not training",Functional,"Have a clear way to transition from 'impressive man she met' to 'man she can't stop thinking about' — within the first 2–3 interactions, not after months of orbiting",Emotional,Feel genuinely relaxed and present with a woman I find exceptional — not performing the version of myself I think she wants to see,Social,Be the man she tells her friends about — not just 'this successful guy I've been seeing' but someone who actually makes her feel something,Functional,"Know specifically what to do differently in the next interaction with her — a precise adjustment to how I show up, not generic dating advice",Emotional,Stop the internal conflict between wanting to be genuine and wanting to make a strong impression — feel like those two things are the same thing
C,Professional Optimizer,10%,"Already socially functional — wants elite-level presence for high-stakes professional or personal contexts. Treats charisma as a skill to train, not a personality deficiency to fix.",I've optimized everything else — why is this the one area where more effort doesn't equal more results?,Attraction Plateau,"Successful in fitness, career, and male friendships. Dates well initially but women consistently pull back after 4–8 weeks. He has approached dating like a project to optimize — research, apps, profile work — and it still doesn't convert. Realizes the gap is not effort or information, but something in how he shows up emotionally.",Ongoing — crystallises after 2nd or 3rd time the same pattern repeats,Immediate once pattern is named,0–4 weeks after pattern recognition,"r/selfimprovement, r/dating_advice, r/AskMen, r/TheRedPill adjacent but skeptical","why do women lose interest after a few weeks, how to keep a woman interested, why am I good on dates but she pulls away, why do I keep attracting avoidant women","Fitness-adjacent self-improvement channels, dating coaches who use gym/discipline analogies, Andrew Huberman adjacent content",Muscle gap reframe — you've trained everything else. This is the one muscle you haven't touched.,I had my life completely together and couldn't keep a woman interested past month two. The problem wasn't my life — it was how I was showing up in it.,Target high-achieving men 28–42 who consume fitness + self-improvement content and dating advice simultaneously,You train everything. This is the one muscle you haven't built yet.,"Different product framing from A and B — emphasize performance and optimization, not healing or rebuilding. Higher price tolerance.","This man does not identify with men who lack confidence. Frame as elite optimization, not gap-filling. Gym and performance language converts well with this segment.","I approach everything systematically and it works — but the more I treat dating like a project to optimize, the worse it seems to go, so maybe this isn't learnable","I've read the books and understand the theory — but knowing what to do intellectually and doing it in the moment are completely different things, and that gap might not be closeable","Every woman I date eventually says I'm closed off or hard to read — this isn't a skill I'm missing, it's something in my character that is genuinely difficult to change","Charisma courses are designed for men with no social confidence — I have plenty of confidence, just not in this specific kind of vulnerability, and I doubt a course covers that",If I start acting warmer or more openly charming it will feel inconsistent with who I am at work and with my male friends — and I'll seem like I'm performing for women,Functional,Keep a woman interested past month three — not by performing better on dates but by being genuinely present in a way that makes her want to come back,Emotional,"Stop feeling like my personality — which works everywhere else — is somehow broken in intimate contexts, and understand what is actually going on",Social,"Be seen by a woman I respect as both strong and warm — not one or the other, not someone who is trying to be one while the other is clearly missing",Functional,"Identify the specific moment where women start to pull back and understand what I'm doing or not doing that causes it — so I can change the pattern, not just the person",Emotional,"Stop approaching relationships like another project to optimize and actually enjoy being with someone — feel like a man in a relationship, not a manager running a process"
