"id","name","tag","age_range","core_profile","primary_want","primary_blocker","core_fear","key_belief","quote_1_text","quote_1_score","quote_1_subreddit","quote_2_text","quote_2_score","quote_2_subreddit","key_signal_phrases","signal_subreddits","psychology_mechanism","prevalence_label","prevalence_pct","journey_stage"
"1","The Forever Inexperienced","Identity & Shame","19-32","Has never had a girlfriend, never kissed anyone, often never been on a date. Not necessarily unattractive or socially invisible — but the inexperience has compounded into a shame identity. The longer it goes on, the more the absence itself becomes the blocker. He intellectually knows what to do but is paralyzed by the weight of already being behind. Sees every new relationship milestone that peers hit as proof of his deficiency.","The whole package — girlfriend, first kiss, holding hands. Not just sex. The full milestone sequence most people had at 17.","Shame spiral. The inexperience is now a second-order problem on top of whatever the original blocker was.","What if it's already too late? What if I tell someone and they recoil?","Everyone else figured this out. I missed a class everyone else attended.","I'm 27 and I've never had sex, a girlfriend, or been on a date, and sometimes I just want to die.","4,629","r/TrueOffMyChest","I daydream about having a girlfriend on a daily basis. I think about dates I would take her on, holding her hand... It's a coping mechanism but it's all I have.","981","r/self","never had a girlfriend | never been kissed | virgin | feel like a loser | missed the train","r/ForeverAlone | r/socialskills | r/self | r/TrueOffMyChest","Shame identity + self-fulfilling paralysis","High","82","Stage 0 — Never started"
"2","The Approach-Blocked Man","Initiation Paralysis","18-35","Wants to date. Understands the theory. But is frozen at the very first step: initiating contact with a woman he's attracted to. Often paralyzed by a genuine cultural confusion — he sees constant warnings that approaching women in public is harassment, and can't reconcile make moves with don't make moves. May not be inexperienced; some are post-breakup men who've lost the habit. Approach anxiety has been amplified by the current discourse around consent and male approaches.","Actionable clarity on when, where, and how to initiate. Permission.","Fear of being seen as a predator. Doesn't know where acceptable meeting happens anymore. Approach anxiety reinforced by social narratives.","What if I'm the guy she goes home and tells her friends about?","There must be a right context I don't know about. Other men know something I don't.","I'm incredibly lonely and have never been in a relationship. Part of the problem is I don't know where it's acceptable to meet women. I'm always seeing stories about men harassing women on the street, and that you shouldn't hit on random women. Yet I don't know many other ways to meet single women my own age.","508","r/dating_advice","I'm apprehensive to approach girls because I always hear about how much they hate being hit on. How can I talk to someone without ruining her night?","880","r/AskMen","how to approach | where to meet women | approach anxiety | don't know where to start","r/dating_advice | r/socialskills | r/AskMen","Approach anxiety amplified by social discourse on consent","Medium","55","Stage 1 — Trying, blocked early"
"3","The App-Burned Defeatist","Platform Trauma","20-40","Invested months or years into dating apps with almost nothing to show. Consistently gets few matches, no replies, ghosted after a few messages. The apps haven't just failed him — they've provided data that confirms his worst fear: he is objectively undesirable to women. Now sees his attractiveness through the lens of app performance. Has often quit and returned multiple times, each cycle leaving him worse off.","An alternative to apps that doesn't systematically destroy self-worth. Or proof that the app verdict isn't the real verdict.","Apps have algorithmically and psychologically convinced him he is unattractive. The system feels like personal judgment.","The app data is accurate. I'm just not someone women choose.","If I can't even get a match, why would a woman I meet in person want me?","You're an average looking guy. Not the ugliest, not the Gigachad. Just average. You create a Tinder profile. After 2 weeks and 10 right swipes, you get 0 matches. Your confidence is absolutely shattered. This is why men: STAY AWAY FROM DATING APPS IF YOU VALUE YOUR MENTAL HEALTH.","4,446","r/dating_advice","Me, finally giving up on Tinder and accepting I'm going to be alone forever.","2,315","r/Tinder","0 matches | delete Tinder | apps destroyed my confidence | give up on apps | average guy invisible on apps","r/Tinder | r/dating | r/dating_advice","Availability heuristic — app rejection becomes the mental reference point for all self-assessment","High","70","Stage 1 — Trying, blocked early"
"4","The Good Guy Lost in Translation","Attraction Confusion","20-35","Kind, non-toxic, respectful. Has female friends who say he's a great catch. Gets dates. Gets friendzoned. Gets told by women he meets that he would make someone very happy — but never him. He is not the entitled nice guy stereotype — he is genuinely decent and genuinely mystified by the gap between being respected and being desired. He treats dates like friends. He is reliable, available, emotionally present. And somehow this makes him invisible as a romantic partner.","To understand why being a good person doesn't create attraction. To stop being categorized as the safe friend.","Misunderstands the difference between what creates respect and what creates attraction. Conflates likability with desirability.","Am I just fundamentally unfuckable? Or is there something I'm doing wrong that I can fix?","If I'm kind enough, available enough, supportive enough — it will eventually be recognized. It never is.","I (M23) treat my dates like I do my friends... and unsurprisingly that leads me to being friendzoned. How do I even begin to change this?","2,476","r/socialskills","I'm really tired of only being the best friend or big brother to every woman I know. I'm 32 and I don't know how to break out of that and become more.","1,078","r/dating_advice","friendzoned | treat women well | good guy can't get dates | women say I'm great but won't date me","r/socialskills | r/dating_advice | r/AskMen","Liking/similarity bias working against him — too safe to desire","High","65","Stage 2 — Trying, blocked in-progress"
"5","The Standards-Locked Selective","Desire Mismatch","22-45","Could find willing dating partners if he expanded his criteria — but won't. He refuses to settle. His standards may be genuinely high (specific physical type, no children, age range) or the attraction is asymmetric (only attracted to women who aren't available to him). His problem is not finding willing women — it's finding women he actually wants.","A relationship with someone he's genuinely attracted to. Refuses to settle for companionship alone.","His attraction and his realistic pool may not overlap. Or he's attracted to unavailable women — only interested when she's not interested.","If I lower my standards I'll resent her. If I don't, I'll be alone.","Settling is worse than being alone. Someone I'm really attracted to is out there. I just haven't found her yet.","No more Single Moms for me. Everything we did revolved around the kid. We were intimate once in the entire relationship. I can't do this anymore.","12,048","r/dating_advice","Dating less attractive people doesn't mean they'll treat you better. I tried this theory. I went on dates with women I wasn't attracted to hoping to connect on personality. It never worked. I don't want to settle and I'm not going to pretend otherwise.","1,239","r/dating_advice","don't settle | no single moms | standards | not attracted to who likes me | deserve better","r/dating_advice | r/datingoverthirty | r/datingoverforty","Regret aversion — settling feels worse than being alone","Medium","50","Stage 2 — Trying, blocked in-progress"
"6","The Physical-First Seeker","Primary: Sex, Not Relationship","17-30","His primary, immediate want is sex and physical intimacy — not a relationship. He may eventually want love, but it is not the pressing problem. He is frustrated that as a regular guy, sexual access is practically inaccessible without a committed relationship. Uses apps for hookups, may use escort services, is attracted to concepts like game or seduction. Categorically different from the man who wants connection and refuses empty sex.","Sex, physical intimacy, hookups. Not primarily commitment.","Dating market dynamics that tie sexual access to long-term commitment for most men who aren't high-status or physically exceptional.","Dying without sexual experience. Being a loser by cultural standards.","Why do broke/immature guys get girls when I can't? — the transactional view of access.","For the first time in my life I had sex without paying for it.","1,667","r/offmychest","How do broke/immature guys get girls? I have a good career, I'm responsible, I have my life together. Yet men with no money and no ambition seem to have no issues. I've only ever had experience with sugar dating.","229","r/dating_advice","just want sex | hookups | casual | sugar dating | how do broke guys get girls","r/dating | r/dating_advice | r/Tinder","Present bias — immediate physical need outweighs abstract future relationship","Low-Medium","38","Stage 2B — Different goal"
"7","The Career-First Late Bloomer","Timing & Life Design","33-50","Spent his 20s and early 30s building career, finances, freedom — on the assumption that focus on yourself and the rest will fall into place. It didn't. Now financially comfortable, professionally accomplished — and completely alone. His peers have families; he no longer fits into their world. His problem is not social skills; it's that he skipped a developmental window. The most poignant post in the dataset — 27,274 upvotes — belongs to him.","To build a full life — not just a relationship. Partnership, belonging, being part of something larger than his career.","Age dynamics in dating, lost social infrastructure, difficulty relating to younger women, and the sheer contrast of having everything externally and nothing internally.","This was supposed to be the reward. I did everything right. And I'm sitting alone on a holiday weekend watching the city come to life without me.","I sacrificed the wrong things. I can never get that time back.","37M. I'm a millionaire and it cost me everything. I thought just focus on you, build the future you're envisioning and the rest will fall into place. Man was I wrong. The only thing I have is my career. I'm sitting alone in my apartment as the holiday weekend gets under way.","27,274","r/self","35M, never had a girlfriend, good career, but dating feels like a locked door. On the surface, everything is in place. Except this one part. It feels like I missed some basic life module everyone else completed.","326","r/dating_advice","career consumed me | thought it would fall into place | successful but alone | I'm a millionaire and it cost me everything","r/self | r/AskMenOver30 | r/datingoverthirty","Opportunity cost blindness — optimized for the wrong variable for 15 years","Medium","45","Stage 3 — Life circumstances"
"8","The Post-Loss Restarter","Re-Entry After Relationship","28-55","Had a relationship — long-term, serious, often a marriage or multi-year partnership. Lost it. Now single for the first time in years, entering a dating market that has transformed since he was last in it. Has relationship experience, knows how to love, but is often psychologically damaged by the loss and disoriented by the new landscape. His problem is not inexperience or skills — it's re-entry.","Love again. To not spend the second half of his life alone. Healing.","Emotional damage from loss, unfamiliarity with current dating norms, age demographics on apps, and sometimes grief that makes genuine presence difficult.","What happened last time could happen again. And I don't know if I could survive it twice.","If I was capable of loving once, I should be capable again. But the market has changed and I don't know the new rules.","Anybody else in relationships for their entire 20s and now single for all of their 30s? Three years of being single after being paired my whole adult life. I don't even know who I am without a relationship anymore.","910","r/datingoverthirty","I miss my wife more than words can describe. It's been 2 years. I go through the motions. But there is a hollowness to everything.","3,431","r/offmychest","divorce | after long-term | back in the dating pool | miss my ex | recovering from heartbreak in your 40s","r/datingoverthirty | r/datingoverforty | r/offmychest","Status quo disruption — his competence map is outdated","Medium","48","Stage 3 — Life circumstances"
"9","The Brotherhood-Collapsed Man","Structural Social Isolation","25-55","His primary loneliness is not about romance. It is about the total collapse of male friendship and social infrastructure. He may want a relationship but what he's actually missing is connection in any form: someone to call, someone who cares if he disappeared. He goes days without meaningful conversation. This is the structural loneliness of adult male life — created not by personal failure but by a social architecture that strips men of non-romantic connection as they age.","Connection. Someone to talk to. Not to feel like he just exists in the world without touching it. Not necessarily romance — companionship in any form.","Adult men's social life collapses in the 30s as friends pair off and prioritize families. Male socialization against emotional vulnerability. No infrastructure for making new deep friendships as an adult.","If something happened to me tomorrow, how long before anyone noticed?","Everyone else has someone. I just exist.","Being a guy is heartcrushingly lonely. I just... exist. I notice regularly that I go days without speaking. I regularly feel this overwhelming sadness and loneliness but I never have anywhere to turn to so it swallows me.","1,796","r/lonely","I'm 33. Every single weekend I message all my friends asking them to hang out. People are just so busy with their families. You'll make plans with one friend, they bail — now it's too short notice to make plans with another. And so I'm alone again.","793","r/self","go days without talking | no one to call | just exist | lost all my friends | nobody available","r/lonely | r/MensLib | r/self | r/offmychest","Structural loneliness — social architecture stripped men of non-romantic connection as they age","High","72","Stage 4 — Not about romance"
"10","The Rage-Adjacent / Ideology-Captured","High Risk","17-35","His attempt to understand his loneliness has been colonized by red-pill, incel, or black-pill ideology. He now frames his situation as women's fault, society's fault, or the fault of hypergamy. The ideology provides an explanation — which is what pain always seeks — but the explanation makes authentic connection permanently impossible. He exists on a spectrum from mildly bitter to fully radicalized. This is the highest-risk segment in the data.","Validation that his anger is justified. An explanation for his suffering that locates the problem outside himself.","The ideology itself. It is a perfect trap: it explains the pain without providing a path out, and poisons every subsequent connection attempt.","That if the ideology is wrong, the suffering was preventable. And that would mean he wasted years on a lie.","The system is rigged against men like me. No amount of self-improvement changes the fundamentals. The belief forecloses change.","I used to be an incel. Was single for years despite being objectively good-looking, good career, good salary. What changed? My therapist asked me: Why do you feel you deserve a relationship? I had never been asked that. I expected relationships — I never learned to build one.","1,763","r/TrueOffMyChest","My little brother killed himself because he couldn't get a girlfriend. He was 22. He talked about how ugly he felt, how undesirable. One thing that stuck with me was him saying he was so cold all the time.","5,942","r/TrueOffMyChest","incel | black pill | hypergamy | it's over | women only want Chad | Andrew Tate","r/lonely | r/TrueOffMyChest | r/MensLib","Confirmation bias locked by ideological framework — all evidence now confirms the worldview","Low-Medium","30","Stage 5 — Off track"
"11","The Resigned Older Man","Acceptance & Grief","50-70+","Has largely accepted that he will not find a romantic partner. He is not actively trying; he is managing. His loneliness has become a fixture of life rather than a problem to solve. He is the cautionary tale that haunts every younger segment. He is the 65-year-old whose post got 16,363 upvotes because every younger man saw himself in it as a warning. He doesn't want advice. He wants to be seen.","To not feel invisible. To have mattered. To not die alone. Not a relationship in the dating-app sense — but human acknowledgment.","Age, physical health, social invisibility, absence of any remaining social infrastructure. The old forgotten men phenomenon.","I am going to die and no one will notice for days.","It is too late for me. But maybe it doesn't have to be too late for you. I am writing this so you avoid my mistakes.","I am almost 65 years old and all alone in this world. I have no partner, no children, no friends — just regrets. I've been so terribly scared of making mistakes my whole life that I never tried anything. And now it's too late. I want you to avoid my mistakes.","16,363","r/self","Sometimes when I'm looking at thirst trap pics on IG, I'll scroll through the comments and there's always a sea of old forgotten men leaving the same delusional comments. They're waiting on a bus and no one told them that bus stopped running 10 years ago.","977","r/self","65 and alone | old and lonely | regrets | too late for me | old forgotten men","r/self | r/lonely | r/offmychest","Hedonic adaptation to loss — loneliness has become baseline normal","Low","25","Stage 6 — Resigned"
"12","The Chemistry-Mismatch Man","Availability Blind Spot","22-42","Cannot feel chemistry with women who are genuinely interested in him — they feel flat, too easy, somehow wrong. The moment a woman becomes unavailable or uninterested, she becomes the only one he can think about. He knows the pattern is irrational. He cannot override it with logic or willpower. Distinct from Standards-Locked: he is not consciously holding out for a type. His attraction mechanism itself feels broken. He genuinely wishes he could feel something for women who like him back.","A relationship with someone he actually feels something for. Not the right standards — the right wiring.","Attraction fires for unavailability and shuts off for availability. His nervous system reads proximity as threat and distance as desire.","What if I'm incapable of wanting what's actually good for me?","If I'm not chasing, it doesn't feel real. The women who actually like me just don't do it for me.","There's this girl who clearly likes me and is objectively great — but I feel nothing. The one I actually want won't even text back. I don't understand my own brain.","1,840","r/dating_advice","I only seem to develop feelings for women who are unavailable or uninterested. Whenever someone actually likes me, the attraction disappears. It's like my brain is designed to want what it can't have.","720","r/AskMen","can't feel anything for women who like me | only attracted to unavailable women | green flag but not into them | no spark with anyone","r/dating_advice | r/datingoverthirty | r/AskMen","Availability aversion — nervous system reads proximity as threat and distance as desire","Medium","55","Stage 2 — Trying, blocked in-progress"
"13","The Eternal Preparer","Self-Improvement as Avoidance","22-38","Always almost ready to date. Currently losing weight, finishing therapy, building savings, reading self-help. The self-improvement is genuine — and it is also the avoidance. He has decided he wants to date — just after X. Then after Y. The goalposts keep moving, year after year. Distinct from the Forever Inexperienced: his problem is not shame about the past — it is deliberate activation energy management. If he never tries, the verdict never arrives.","To start dating when he is finally ready — an idealized, improved version of himself who dates from confidence.","The preparation loop permanently prevents any risk of rejection. Loss aversion on his self-image: if he never tests it, he can't fail.","I'll finally put myself out there and discover that even the improved version isn't enough.","One more thing and then I'll be ready. I'm almost there.","I keep telling myself I'll start putting myself out there once I lose 20 more pounds and get my finances sorted. I've been saying that for 3 years. The weight is coming off but the then I'll date keeps moving too.","1,350","r/self","Working on myself right now. Not in a place to date — I'm still healing from my last situation. Going to start actively looking once I'm in a better place mentally. I know I keep saying this.","490","r/dating_advice","working on myself | not ready yet | still improving | going to start dating when I | almost there","r/self | r/socialskills | r/dating_advice","Procrastination as self-protection + loss aversion on self-image — if he never tries the verdict stays open","Medium","55","Stage 0 — Never started"
"14","The Situationship-Trapped Man","Stuck on Someone Who Won't Commit","22-40","Technically single but emotionally unavailable. Invested — sometimes for years — in someone who gives him just enough to stay: an ex who texts occasionally, a friend who is almost something more, a woman who won't commit but won't let him go. Not in the dating pool in any real sense. The intermittent connection hits harder than any consistent relationship because variable reward is more addictive than reliable reward.","To either be fully with this person, or to finally let go. He cannot seem to do either.","Sunk cost of years of emotional investment. Intermittent reward schedule has created an attachment that feels like love but functions like a slot machine.","If I let go and she finally commits to someone else, I'll have wasted years for nothing.","This almost-thing is better than starting over with a stranger.","She texts me every few weeks just enough to keep me from moving on. I know I should block her. Every time I'm about to, she does something that gives me hope. We've been doing this for two and a half years.","2,100","r/relationship_advice","Not technically in a relationship but not not in one either. We've been in this limbo for 14 months. She's not ready to commit. I'm not ready to leave. I can't date anyone else because she's always in my head.","870","r/self","can't get over her | she keeps texting me | we're not together but | situationship | still hoping | friends with benefits gone wrong","r/relationship_advice | r/self | r/offmychest","Sunk cost fallacy + intermittent reinforcement — variable reward is more addictive than consistent reward","Medium","55","Stage 1 — Trying, blocked early"
"15","The Comfortable Alone Man","Status Quo Adapted","28-50","Has adapted so completely to singleness that connection now feels more disruptive than loneliness. His routines, finances, social life, and identity are all calibrated to being alone. He says he wants a relationship — and means it — but his revealed daily preferences tell a different story. He doesn't use apps, rarely goes anywhere new, turns down invitations, and keeps evenings tightly structured. He is not avoiding dating consciously. He has just never made it a priority that competes with the comfort of what he already has.","Abstractly: a relationship. Actually: to not have his established life disrupted by the uncertainty of another person.","Present bias — the known comfort of his current life outweighs the uncertain reward of intimacy. Not trying keeps the story open: he could still meet someone, theoretically.","What if I go through all of this and it still doesn't work out?","I'll meet someone naturally. I just haven't met the right person yet. I keep meaning to get back out there.","I tell myself I want a relationship but honestly when I imagine someone disrupting my evenings and weekends and having opinions about my habits... I don't know if I actually want that. I've gotten too comfortable alone.","3,150","r/self","I keep meaning to get back on the apps or actually put myself out there but I just... don't. I'm not miserable. I'm just kind of drifting. I've been meaning to for four years now.","540","r/AskMen","keep meaning to get back out there | too comfortable being alone | just haven't met the right person | maybe I'm not ready","r/self | r/AskMen | r/lonely","Status quo bias + hedonic adaptation — loneliness has become the path of least resistance","Medium","55","Stage 3 — Life circumstances"
"16","The Self-Sabotager","Ruins What Gets Close","22-38","Gets further than most — has dates, starts connections, feels genuine early sparks. Then does something to end it: picks a fight over nothing, goes cold overnight, suddenly finds a fatal dealbreaker, ghosts after the third date. He does not understand why. The pattern repeats across multiple women and years. He is not approach-blocked; he is close-blocked. He is the man who gets close to something real and then destroys it just before it could fail him.","To stop destroying things that are going well. To understand why he keeps repeating the pattern.","Fear of the actual cost of real intimacy. Ending the relationship before it can end him protects his identity — he stays the person who could have had it.","If I let this go all the way and she leaves anyway, I have nothing left to blame except myself.","Things were going great — then something changed. (It's never him, in his framing.)","Things were going really well with this girl. I genuinely liked her. Then one night I picked a fight over something completely stupid, and I don't know why. She pulled back after that and now it's over. I've done this exact thing four times. I don't understand what's wrong with me.","1,720","r/self","Every time I get close to someone I find a reason to bolt. The reasons always feel legitimate in the moment. Looking back they never were. I think I'm scared of actually being in a relationship — like I want the idea but not the reality.","960","r/dating_advice","I always ruin things | don't know why I push people away | got scared and left | things were going great and then I | self-sabotage","r/self | r/dating_advice | r/relationship_advice","Approach-avoidance conflict + loss aversion on identity — rejecting first prevents being rejected","Low-Medium","35","Stage 2C — Destroys what gets close"
"17","The Social Conformist","Mimetic Loneliness","22-38","Wants a girlfriend primarily because his peer group has one. This is mimetic desire — he does not want the thing itself so much as what others have. If his entire friend group were single and unbothered, he would be genuinely fine. His loneliness is status anxiety dressed as romantic longing. He feels behind schedule. He attends the same events as his friends but leaves feeling incomplete because he didn't come home with someone.","The social signal and normalcy that comes with having a partner. To feel on schedule by peer standards, not left behind.","He is solving for the wrong problem. Messaging about emotional intimacy will not resonate — his actual need is social belonging and peer parity, not love.","Everyone is pairing off and I'm the odd one out. Something must be wrong with me for still being single.","I'm supposed to have this by now. Everyone else does. I'm falling behind.","All my friends are in relationships or getting married and I feel like I missed some memo. I don't know if I even know what I'm looking for — I just know I'm supposed to have someone by now.","1,890","r/AskMen","Group dinners are painful. I'm the only single person at every table. I hate how much I care about that but I genuinely feel like I'm failing at something other people just... did.","430","r/self","all my friends are in relationships | feel left out | everyone has someone but me | behind schedule | supposed to have this by now","r/AskMen | r/self | r/AskMenOver30","Mimetic desire + social comparison — desire is borrowed from the group, not felt independently","Low-Medium","35","Stage 2B — Different goal"
"18","The Invisible Social Man","Romantically Off-Radar","20-35","Has a social life, real friends, goes to events, can hold a conversation with anyone. Not approach-anxious. Not obviously unattractive. Not shy. And yet: across years of social presence, no woman has ever shown him romantic interest, and his own signals never seem to land. He is socially present but romantically invisible. Familiarity has categorized him as the great guy in the group who is never the potential partner.","To understand why nothing romantic ever happens despite genuine social presence. To become legible as a man who might be romantically interested, not just a friendly face.","He presents as friend or acquaintance but never as a potential partner. Mere exposure creates familiarity and comfort, not desire. He has never learned to signal romantic intent.","I'm doing everything right socially and it still doesn't happen. Maybe I'm just not attractive.","I'm great with people. So why does nothing ever happen?","I have plenty of friends, go out regularly, and can talk to anyone. I've been doing this for 6 years and not a single woman has shown any romantic interest in me. I don't understand what I'm missing. I'm not awkward. I'm just invisible in that way.","1,240","r/socialskills","Women tell me I'm great and funny and kind but it never goes anywhere. I'm always the friend. I know something about how I come across is categorizing me immediately but I genuinely cannot figure out what it is.","570","r/dating_advice","I'm social but nothing ever happens | no one ever approaches me | just seen as a friend | invisible to women | don't know what I'm missing","r/socialskills | r/dating_advice | r/AskMen","Mere exposure effect working against him — familiarity without romantic framing creates friend categorization","Low","18","Stage 2 — Trying, blocked in-progress"
"19","The Emotionally Walled Man","Blind Spot","24-42","Tries. Has surface warmth and can be funny, kind, generous. Sometimes gets to dates, sometimes to short early relationships. But women consistently describe him as closed off, hard to read, emotionally unavailable — walls up. He hears this feedback repeatedly and concludes it is about the other person. He cannot see the walls because he has never not had them. He does not know what he is not sharing because he has never known what sharing actually looks like from the inside.","To understand why this keeps happening. To be in a real relationship without people constantly saying he is unreachable.","His own emotional unavailability is in his blind spot. Feedback about his walls is consistently reattributed to the other person rather than integrated as information about himself.","If it's really about me, there's nothing I can do. It's easier to believe she was wrong.","I'm emotionally available. Women just don't appreciate that I'm low-drama.","Three women in a row have told me some version of you're great but I can't tell what you're feeling. I think I'm being open. I don't know what more they want. Maybe I'm just attracting the wrong type.","2,040","r/dating_advice","I've been told I have walls up twice this year. I genuinely don't feel like I have walls. I respond to things, I share things. I don't know what people mean when they say that, and I'm not sure how to ask.","810","r/self","women say I'm closed off | don't understand why people say I have walls | I open up but nothing happens | emotionally available but keep getting told I'm not","r/dating_advice | r/self | r/AskMenOver30","Johari window blind spot — behavior visible to everyone except himself","Low-Medium","35","Stage 2C — Destroys what gets close"
