"id","name","tag","age_range","core_profile","primary_want","primary_blocker","key_signal_phrases","psychology_mechanism","prevalence","source_subreddits"
"1","The Forever Inexperienced","Identity & Shame","19-32","Has never had a girlfriend, kiss, or been on a date. Inexperience has compounded into a shame identity — the longer it goes, the more the absence itself becomes the primary blocker. Sees every peer milestone as proof of personal failure.","The full milestone sequence — girlfriend, first kiss, physical intimacy. Not just sex. Everything everyone else had at 17.","Shame spiral. Inexperience is now a second-order problem on top of whatever the original blocker was.","never had a girlfriend | never been kissed | feel like a loser | missed the train | virgin at 25","Shame identity + self-fulfilling paralysis","High","r/ForeverAlone | r/socialskills | r/self | r/TrueOffMyChest"
"2","The Approach-Blocked Man","Initiation Paralysis","18-35","Wants to date and understands the theory, but is frozen at the first step: initiating contact. Genuinely confused by cultural mixed signals — told approaching women is harassment, yet has no other path.","Actionable clarity on when and where to approach. Permission to initiate without feeling like a predator.","Fear of being seen as a harasser. Cultural confusion about acceptable initiation contexts.","where to meet women | approach anxiety | how to talk to someone without ruining her night | don't know where to start","Approach anxiety amplified by social discourse on consent","Medium","r/dating_advice | r/socialskills | r/AskMen"
"3","The App-Burned Defeatist","Platform Trauma","20-40","Invested months or years into dating apps with almost nothing to show. Apps did not just fail him — they provided systematic data confirming his worst fear: he is objectively undesirable. Now reads attractiveness through the lens of app performance.","An alternative path that does not involve apps. Or proof that the app verdict is not the final verdict.","Dating app economics have algorithmically destroyed his self-image. Systematic rejection felt like personal judgment.","0 matches | delete Tinder | apps destroyed my confidence | give up on apps | average guy invisible on apps","Availability heuristic — app rejection becomes the mental reference point for all self-assessment","High","r/Tinder | r/dating | r/dating_advice"
"4","The Nice Guy Lost in Translation","Attraction Confusion","20-35","Kind, non-toxic, respectful. Has female friends who say he is a great catch. Gets dates. Gets friendzoned. Told by women he would make someone very happy — but never him. Not the entitled nice guy stereotype — genuinely decent and genuinely confused.","To understand why being a good person does not create romantic attraction. To stop being categorized as the safe friend.","Conflates respect with desire. Does not understand the distinction between what creates liking and what creates wanting.","friendzoned | treat women well | good guy can't get dates | women say I'm great but won't date me","Liking/similarity bias working against him — too safe to desire","High","r/socialskills | r/dating_advice | r/AskMen"
"5","The Standards-Locked Selective","Desire Mismatch","22-45","Could find willing partners if he expanded criteria — but won't. Standards may be high and specific (no single mothers, specific age range) or his attraction is asymmetric. His problem is not finding women — it is finding women he actually wants.","A relationship with someone he is genuinely attracted to. Explicitly refuses companionship as a substitute.","His criteria and his realistic pool do not overlap. Or his attraction fires only for unavailable targets.","don't settle | no single moms | standards | not attracted to who likes me | deserve better","Regret aversion — settling feels worse than being alone","Medium","r/dating_advice | r/datingoverthirty | r/datingoverforty"
"6","The Physical-First Seeker","Primary: Sex Not Relationship","17-30","Primary immediate want is sex and physical intimacy — not a relationship. May eventually want love but it is not the pressing problem right now. Frustrated that sexual access is practically unavailable without long-term commitment for most average men.","Sex and physical intimacy. Relationship is secondary or irrelevant at this stage.","Dating market dynamics that tie sexual access to committed relationships for most average men.","just want sex | hookups | casual | sugar dating | how do broke guys get girls","Present bias — immediate physical need outweighs abstract future relationship","Low-Medium","r/dating | r/dating_advice | r/Tinder"
"7","The Career-First Late Bloomer","Timing & Life Design","33-50","Spent his 20s and 30s building career and finances on the assumption that the rest would follow. It did not. Now financially comfortable, professionally accomplished — and completely alone. Peers have families; he no longer fits their world.","To build a full life — not just a relationship. Partnership, belonging, being part of something larger than a career.","Missed the developmental window when social infrastructure was intact. Contrast between external success and internal emptiness is unbearable.","career consumed me | thought it would fall into place | successful but alone | I'm a millionaire and it cost me everything","Opportunity cost blindness — optimized for the wrong variable for 15 years","Medium","r/self | r/AskMenOver30 | r/datingoverthirty"
"8","The Post-Loss Restarter","Re-Entry After Relationship","28-55","Had a long-term relationship or marriage. Lost it. Now entering a dating market that has transformed since he was last in it. Has relationship experience and knows how to love, but is emotionally damaged by the loss and disoriented by the new ecosystem.","Love again. To not spend the second half of life alone. To heal enough to try.","Emotional damage from loss combined with total unfamiliarity with current dating norms and app dynamics.","divorce | after long-term | back in the dating pool | miss my ex | recovering from heartbreak in your 40s","Status quo disruption — his competence map is outdated","Medium","r/datingoverthirty | r/datingoverforty | r/offmychest"
"9","The Brotherhood-Collapsed Man","Structural Social Isolation","25-55","His primary loneliness is not romantic — it is the total collapse of male friendship and social infrastructure. Has acquaintances but no one to call. Goes days without meaningful conversation. Not primarily about dating — about absence of any real connection.","Connection of any kind. Not to feel like he just exists in the world without touching it. Companionship before romance.","Adult male social infrastructure collapses in the 30s as friends pair off and prioritize families. Male socialization against vulnerability.","go days without talking | no one to call | just exist | lost all my friends | nobody available","Structural loneliness — social architecture stripped men of non-romantic connection as they age","High","r/lonely | r/MensLib | r/self | r/offmychest"
"10","The Rage-Adjacent / Ideology-Captured","High Risk","17-35","His attempt to understand his loneliness has been colonized by red-pill, incel, or black-pill ideology. Frames his situation as women's fault or society's fault. The ideology provides an explanation for pain — which is what pain always seeks — but forecloses authentic connection.","Validation that his anger is justified. An explanation for suffering that locates the problem outside himself.","The ideology itself is the blocker. It explains the pain without providing a path out and poisons every connection attempt.","incel | black pill | hypergamy | it's over | women only want Chad | Andrew Tate","Confirmation bias locked by ideological framework — all evidence now confirms the worldview","Low-Medium","r/lonely | r/TrueOffMyChest | r/MensLib"
"11","The Resigned Older Man","Acceptance & Grief","50-70+","Has largely accepted that he will not find a romantic partner. Not actively seeking — managing. His loneliness has become a fixture of life rather than a problem to solve. He is the cautionary tale that haunts every younger segment.","Not to feel invisible. To have mattered. To not die alone — not a relationship in the dating-app sense but basic human acknowledgment.","Age, physical health, social invisibility, absence of remaining infrastructure. The window has closed or feels closed.","65 and alone | old and lonely | regrets | too late for me | old forgotten men","Hedonic adaptation to loss — loneliness has become baseline normal","Low","r/self | r/lonely | r/offmychest"
"12","The Chemistry-Mismatch Man","Availability Blind Spot","22-42","Cannot feel chemistry with women who are genuinely interested in him — they feel flat or not right. The moment a woman becomes unavailable or uninterested, she suddenly becomes the only one he can think about. He wishes he could feel something for women who like him. He genuinely cannot.","A relationship with someone he actually feels something for. Not the right standards — his attraction mechanism itself feels broken.","Attraction fires for unavailability and shuts down for availability. Cannot override this through logic or willpower.","can't feel anything for women who like me | only attracted to unavailable women | green flag but not into them | no spark with anyone","Availability aversion — nervous system reads proximity as threat and distance as desire","Medium","r/dating_advice | r/datingoverthirty | r/AskMen"
"13","The Eternal Preparer","Self-Improvement as Avoidance","22-38","Always almost ready to date. Currently losing weight, finishing therapy, building savings, reading self-help. The improvement is genuine — but it is also the avoidance. He has decided he wants to date — just after X. The goalposts keep moving year after year.","To start dating when he is finally ready — an improved version of himself who dates confidently.","Activation energy is deliberately kept too high. The preparation loop permanently prevents any risk of rejection.","working on myself | not ready yet | still improving | going to start dating when I | almost there","Procrastination as self-protection + loss aversion on self-image — if he never tries the verdict stays open","Medium","r/self | r/socialskills | r/dating_advice"
"14","The Situationship-Trapped Man","Stuck on Someone Who Won't Commit","22-40","Technically single but emotionally unavailable. Invested — sometimes years — in someone who gives him just enough to stay: an ex who texts occasionally, a friend who is almost something more, a woman who won't commit but won't let him go. Not in the dating pool in any real sense.","To either be fully with this person or to finally let go and move on.","Sunk cost of investment in this person outweighs starting fresh. Variable reward schedule keeps him returning.","can't get over her | she keeps texting me | we're not together but | still hoping | situationship | friends with benefits gone wrong","Sunk cost fallacy + intermittent reinforcement — variable reward is more addictive than consistent reward","Medium","r/relationship_advice | r/self | r/offmychest"
"15","The Comfortable Alone Man","Status Quo Adapted","28-50","Has adapted so completely to singleness that connection now feels more disruptive than loneliness. Routines and identity are calibrated to being alone. Says he wants a relationship — and means it — but his revealed daily preferences tell a different story.","Abstractly: a relationship. Actually: to not have his established life disrupted.","Present bias — known comfort of current life outweighs uncertain reward of intimacy. Regret aversion — not trying keeps the story open.","keep meaning to get back out there | just haven't met the right person | too comfortable being alone | maybe I'm not ready","Status quo bias + hedonic adaptation — loneliness has become the path of least resistance","Medium","r/self | r/AskMen | r/lonely"
"16","The Self-Sabotager","Ruins What Gets Close","22-38","Gets further than most — has dates, starts connections, feels genuine early sparks. Then does something to end it: picks a fight over nothing, goes cold, finds a sudden dealbreaker, disappears. Does not understand why. The pattern repeats across multiple relationships.","To stop destroying things that are going well. To understand the pattern he keeps repeating.","Fear of the actual cost of intimacy. Ends the relationship before it can end him. Self-sabotage protects the possibility of love by preventing the test of it.","I always ruin things | don't know why I push people away | got scared and left | things were going great and then I | self-sabotage","Approach-avoidance conflict + loss aversion on identity — rejecting first prevents being rejected","Low-Medium","r/self | r/dating_advice | r/relationship_advice"
"17","The Social Conformist","Mimetic Loneliness","22-38","Wants a girlfriend primarily because his peer group has one. Social comparison and mimetic desire: he does not want the thing itself — he wants what others have. If his entire friend group were single he would be genuinely fine. His loneliness is status anxiety dressed as romantic longing.","The social signal and normalcy that comes with having a partner. To feel on schedule by peer standards.","He is solving for the wrong problem. Messaging about emotional intimacy will not resonate. His need is social belonging not love.","all my friends are in relationships | feel left out | everyone has someone but me | behind schedule | supposed to have this by now","Mimetic desire + social comparison — desire is borrowed from the group not felt independently","Low-Medium","r/AskMen | r/self | r/AskMenOver30"
"18","The Invisible Social Man","Romantically Off-Radar","20-35","Has a social life, friends, goes to events, can talk to people. Not approach-anxious. Not obviously unattractive. But across years of social presence no woman has ever shown romantic interest in him. Engages socially but never generates a romantic signal — and does not understand why.","To understand why nothing romantic ever happens despite being socially present. To become legible as a potential partner.","Presents as friend or acquaintance but never as a man who might be interested romantically. Familiarity breeds categorization not attraction.","I'm social but nothing ever happens | no one ever approaches me | just seen as a friend | don't know what I'm missing | invisible to women","Mere exposure effect working against him — familiarity without romantic framing creates friend categorization","Low","r/socialskills | r/dating_advice | r/AskMen"
"19","The Emotionally Walled Man","Blind Spot","24-42","Tries. Has surface warmth. Sometimes gets to dates or short early relationships. But women consistently describe him as closed off, walls up, hard to really connect with. He hears this feedback and concludes they were not the right person — rather than recognizing the pattern as information about himself.","To understand why this keeps happening. To be in a real relationship without people constantly saying he is unreachable.","His own emotional unavailability is in his blind spot. He cannot see the walls because he has never not had them. Feedback is reattributed rather than integrated.","women say I'm closed off | don't understand why people say I have walls | I open up but nothing happens | emotionally available but keep getting told I'm not","Johari window blind spot — behavior visible to everyone except himself","Low-Medium","r/dating_advice | r/self | r/AskMenOver30"
