section,subreddit,score,title,body,url,keyword_hits
S3D,ForeverAlone,403,I hate that people think being a virgin or never having a relationship means there's something wrong with you,"Especially when you're older. You're made to look like an outcast, a criminal or some psychopath because for some reason there HAS to be something inherently wrong with you for being single/a virgin.

People have their own legitimate reasons for being FA, the people who look down at FAers don't realise how easy they have it in life.

For example, when I was at a party, we played a drinking game called ""never have I ever"". One of the topics was having sex. Some guy thought he was being a smart ass by saying ""haha who hasn't?"" and then a girl took it upon themselves to say ""yeah, exactly. There must be something wrong with you if you still haven't had sex and you're at college"". I kept my mouth shut, I didn't want to call them out on their bullshit though if I had more alcohol, I would have.

Then you see posts online where people ask if people would date someone if they were a virgin in their 20s, 30s, etc... You get people say it's fine but then the ones that stand out are the people who say ""no, I would be asking why you're a virgin"" or something along those lines. 

Sick of it all.",https://reddit.com/r/ForeverAlone/comments/ay6fq1/i_hate_that_people_think_being_a_virgin_or_never/,people ask
S3D,ForeverAlone,236,Family events are like torture. I am asked about a girlfriend EVERY SINGLE TIME. I’m embarrassed. I start sweating and I don’t know how to explain it to my family.,"Every single fucking time I attend a family event for Christmas or Thanksgiving or something, my aunts, uncles or grandparents ALWAYS ask me why I don’t have a girlfriend yet. I have to lie and say I haven’t found the right one, when I know it’s because I’m ugly and have no chance of ever getting one. Even my first cousin, who I view as like a brother to me, has a GF and we’re the same age (25). He always pokes fun at me for not having one and I always give a fake laugh to play along, when I’m reality I want to break down crying right in front of him.

I’ve had girls straight up say “ew” when I send them a face pic. It’s dehumanizing. It’s embarrassing.

If you have a family member who is still single in their 20s or later, PLEASE don’t ask them about a significant other, especially at the dinner table in front of the WHOLE family. You don’t know what they’re going through or what they’ve been through. It’s a personal question and unless you know for a fact they are talking to someone, it can lead to them being very anxious and embarrassed about it.

I’ve never had a hug, kiss or sex from anyone. I feel hopeless. I hope this can relate to someone and people can take away a lesson from it.

DON’T ASK PEOPLE ABOUT THEIR PRIVATE RELATIONSHIPS AT A PUBLIC EVENT.",https://reddit.com/r/ForeverAlone/comments/l5n84f/family_events_are_like_torture_i_am_asked_about_a/,still single
S3D,ForeverAlone,183,Was on the phone with my family when they said this:,"""Do you not *want* a girlfriend? Why are you still single?""

And I thought... you should know damn well why I'm single because you gave me all the ugly genes",https://reddit.com/r/ForeverAlone/comments/zdzi4l/was_on_the_phone_with_my_family_when_they_said/,still single
S3D,ForeverAlone,162,"Dating a dream girl, after 26 years of ForeverAlone life","I entered December 2022 as a 26 year old virgin who never romantically held hands, hugged or kissed a girl. Over 8 weeks, my life turned around. If someone told me how lucky I'd get, with what a dream of a woman, I would've laughed to their face and bitterly responded such stories only happen in fairytales, or romcom anime. But my story of being ForeverAlone no longer is completely true, I'll offered proof to people asking on other subreddits.

\*

I didn't really have a social life since high school. Massive social anxiety, diagnosed by multiple psychologists. I lived in quiet despair, with medication merely numbing the pain, as many of you do. Longing for a relationship, but unable to pursue one. And also doubtful I could even connect to a girlfriend, as I developed typical ""nerd"" interests - architecture, poetry, visual arts and classical music - while feeling alienated from the interests of my peers. My phone contacts were limited to family &amp; colleagues. The only people to notice by birthday were my parents, grandparents and brother (who had a girlfriend, of course, despite being younger than myself). To put it short, I was an archetypical r/ForeverAlone reader.

So how did I suddenly meet a dream girl, even as my social circle had a radius of zero? ... Tinder? Gym? Bars? No. It's unbelievable. ***I got a girlfriend by being nice to an old lady.*** She's a friend of relatives. She gave private lectures on art history to improve her meagre pension. I've been a regular ",https://reddit.com/r/ForeverAlone/comments/10up2br/dating_a_dream_girl_after_26_years_of/,people ask
S3D,ForeverAlone,136,My best friend just got out of a marriage and now she’s posting FA crap all over her page and it’s pissing me off to no end,"She posted a picture that says “why are you still single? Well I’m ugly af” and she’s been broken up with him for 1 week! Omg! Her entire page is forever alone crap so I posted something in a comment about how my dating life is far worse she should be happy but in a nice way. 
I’m so over it. I want to die. ",https://reddit.com/r/ForeverAlone/comments/7d03uw/my_best_friend_just_got_out_of_a_marriage_and_now/,still single
S3D,ForeverAlone,64,"why do people ask ""why are you still single""?","They probably know why your still single yet they love to ask this to us why? I had a buddy ask me ""have you found yourself a gf yet""? Um no I haven't why do you gotta ask ?.I didn't wanna argue with him so I just said no not yet",https://reddit.com/r/ForeverAlone/comments/x11t53/why_do_people_ask_why_are_you_still_single/,"still single, people ask"
S3D,AskMen,284,"Men over 30 that are still single, do you regret not putting yourself out there more when you were in your 20s? why? why not?","EDIT: For context, I'm 28M

I don't have problems with women but I must say, time flew by in a scary way. Out of my first relationship at 20, then focus on university, then start work - and suddenly I'm 28.

In all that time I've been striving to become my best self (health, education, financials, etc.), started travelling regularly which is a dream come true.. but this also led to a lifestyle that is now 'in danger' whenever I consider dating someone, so it really has to be worth it. That's at least what I tell myself, as I still want to meet the right person and build a family.

On the other hand though, 'work-gym-home' doesn't really help with finding the right person, and travels lead to casual or impractical encounters. I could put more effort in and get eg. a more sociable hobby that exposes me to more new acquaintances, but wanted to explore the perspective of others in their 30s.",https://reddit.com/r/AskMen/comments/1lrravn/men_over_30_that_are_still_single_do_you_regret/,still single
S3D,AskMen,215,But like why are you single?,"I am genuinely curious as to why guys ask “why are you still single” or “what’s wrong with you?”

I (31F) have been single a few years and have mostly been because I was focusing on myself and my studies/career. I recently tried a couple dating apps and just found it so annoying that everyone would ask “why are you still single?” Or “what’s wrong with you that you aren’t married yet?” 

Like why is this even a question to ask? Is it just being asked wrong? Or is it really just that surprising that a woman is still single, with no kids and in their 30s?",https://reddit.com/r/AskMen/comments/quuqdy/but_like_why_are_you_single/,"still single, are you single"
S3D,AskMen,124,Why are you still single?,"Most people say that to me. Being no-girlfriend-since-birth, it hurts a little. I want to but I am not yet ready. Always sticking to just admiring girls in the university. 21 years old here in an Asian country. Is anyone here have the same situation?",https://reddit.com/r/AskMen/comments/b8nh3v/why_are_you_still_single/,still single
S3D,AskMen,79,"Single men of reddit, why are you single?","Im single, I just feel like I can’t find the one... I’ve met many girls and everytime I get to know them I just feel like their interests and goals aren’t really what I like. So, why are you still single?",https://reddit.com/r/AskMen/comments/jl6m8y/single_men_of_reddit_why_are_you_single/,"still single, are you single"
S3D,lonely,267,Why are you single?,"So, today I met a guy who described himself as ""borderline perfect"" and ""super humble"" within a couple of sentences. He, apparently, is also "" a fucking sweetheart"" and ""extremely attractive"".
He then went on to talk about how much money he makes, and how he isn't a douchebag.

Sorry dude, but if you're all those things, why are you still single? 

You don't get to tell people these things about yourself, they get to decide them. 
How one person views you is not how another will view you, that includes yourself.

",https://reddit.com/r/lonely/comments/1ev2yr6/why_are_you_single/,"still single, are you single"
S3D,offmychest,6197,My 4-year-old daughter passed away,"My 4-year-old daughter passed away August 5th 2022 from an unexpected asthma attack. I feel the need to share the details of what happened. I am not entirely sure why, but I feel compelled to do so. I know I am not the only person to experience a loss like this, but I wish I was. No one should have to experience what we went through, but a lot of people do as I have come to realize.

Our daughter had asthma since she was a baby. I have no history of asthma on my side of the family but my wife’s family has it on both sides, and she had it as a child which she eventually outgrew. I just remember when our daughter was an infant, she would have that wheezing noise and so we started giving her an inhaler that pretty much fixed the problem. I assumed this is how it would go for my daughter. We had all the asthma accessories, things like inhalers, nebulizers, oximeters, steroids, epi pens (I know, not asthma but another thing we had to keep on hand) and even a mobile nebulizer. She would often get sick, at least once or twice a month and we would do a scheduled breathing treatment and that would always bring her oxygen levels up. I wouldn’t say she was a sickly kid but she did get sick probably more than most kids and she hated it so much!

The day she passed away was an ordinary day. I took her to her grandparents who would watch her on Fridays. On this Friday, she had a milestone of sorts as she was able to buckle her seatbelts for the first time, which earned her a ton of praise ",https://reddit.com/r/offmychest/comments/1304w3a/my_4yearold_daughter_passed_away/,people ask
S3D,offmychest,4592,"I found out I was pregnant at 31 weeks, and I lost her at 38 weeks.","I am writing my story on a throw away account, because I don’t want to explain myself or explain how I didn’t know. It is tiring. Please just understand that while this may be hard for some of you to believe, it’s okay if you don’t believe it. Because it happened to ME. I am living the reality and the pain of it’s wrath, so don’t worry. It is no sweat off your back to believe me. I just want someone to listen.


On June 28, 2018 I found out that I was 31 weeks pregnant. I have always had an irregular period, often going 7-10 months without menstruating. I didn’t have any noticeable symptoms, and I didn’t feel tempted to buy a test until a line developed on my stomach and I started to feel movement in my belly. 

The father is not a good man, and based on the timeline of my pregnancy, I conceived right at the end of our tumultuous relationship, which ended with police reports and him physically assaulting me. When I found out, I didn’t tell him that I was pregnant for obvious reasons... as I knew was dangerous. What kind of mother would I be if I allowed an unfit man into my child’s life? He was the kind of man who would become frustrated hearing a baby cry and end up smothering them. I would have visuals of his face on the 9’o clock news when I would even consider telling him. So I didn’t. 

At the time, I was in a new relationship with a man that I felt deeply for, but I fell in love with a facade. I was honest about the possibility that I was 7 months pregnant before I foun",https://reddit.com/r/offmychest/comments/aeze23/i_found_out_i_was_pregnant_at_31_weeks_and_i_lost/,asked me why
S3D,offmychest,4583,My mom and sister starved themselves to death because of my moms psychosis,"TW: mental illness, death, trauma, suicide, crime scene 

And I have to deal with the aftermath 

In 2020 my mom and sister died together in a locked apartment - along with my mom’s friend.
They didn’t die in an accident or from illness.
They starved themselves to death.
Together.
In the middle of summer.

My mother had developed paranoid schizophrenia, but the diagnosis came post mortem, on my request, in desperation to get some answers. She believed my father was trying to harm them and isolated herself and my sister from everyone. For 1.5 years, they lived in fear, completely cut off.
She also believed they could survive without food and water by “absorbing energy from the universe.” Her mental illness spiraled into something so extreme, she convinced my sister to follow her. And she did.

They were found about five days after death but the police has no exact day of their deaths because of course they did not die at the same exact time but hours or days from one another.
Three bodies, actually – my mother, my sister, and a delusional friend of hers who died with them.
By the time they were discovered, they were in such a decomposed state that the police couldn’t even identify which body was whose. Not even by hair. That’s how bad it was. We had to run DNA testing, dental records.
3 dead bodies in the heat, locked in, door barricaded 
I wasn’t there – but my mind was, and still is.

I’ve never read the police reports. I’ve never visited the place where their ashes are. I s",https://reddit.com/r/offmychest/comments/1l5fkcg/my_mom_and_sister_starved_themselves_to_death/,people ask
S3D,offmychest,258,"I'm over 40, I'm still single","And I am okay with that. Yes it get lonely at times but I'm not losing sleep over it. I work, I have two degrees and can take care of myself. I have hobbies and lead a full life. I have no children. 

What I am sick of is my family (especially my mother) making me feel as if I need to be married to be whole.

It's the constant, ""I'm praying for you to get a husband,"" or assuming every guy friend I have may be a suitor, the hints I get about her getting grandchildren from me. My brother has children but I guess that isn't enough. And it wasn't just my mom, my father was also pressing me at the bit before he passed.

I've talked to her about it. Several times in fact. She means well, but it's hurtful. I can't marry just anyone. I need to be sure that whomever I choose to be with loves me as much as I love them. Marriage is a contract and that I don't take lightly. I decided I'd rather be single, if that means I don't spend my life with someone I don't care about or vice versa.

I wish that I could say a mother is the problem but it's society as well. For some reason, singleness in women is so difficult to swallow. If you're single then you must be crazy, have a bunch of cats, or some type of weirdo. I can't tell you how many dates I've been on in a guy ask me well why are you still single? You're so attractive, what's wrong with you?

Sigh...I don't think there is a corner of the world that I can move to that I can escape this type of scrutiny. But I'm so over it.",https://reddit.com/r/offmychest/comments/ul3zoh/im_over_40_im_still_single/,still single
S3D,AskMenOver30,282,Question for married men re: single male friends,"My question is for married men only: how many single male friends do you have that you consider to be a “catch,” and you wonder why they are still single? ",https://reddit.com/r/AskMenOver30/comments/1obyu4x/question_for_married_men_re_single_male_friends/,still single
S3D,datingoverthirty,1023,"UPDATE: 34F, recently single after an 11 year relationship. So... how bad is it out there? (Spoiler: it wasn’t that bad!)","Hopefully the mods allow this. After reading a couple of sad stories on this sub recently, I felt compelled to give a happy update on [this post](https://www.reddit.com/r/datingoverthirty/comments/akuean/34f_recently_single_after_an_11_year_relationship/?utm_source=share&amp;utm_medium=ios_app&amp;utm_name=iossmf) that I made on a since deleted account. I had posted some potentially identifying info on it and got some weird PMs, so I deleted it for safety reasons. 

I wrote that in January of 2019 but didn’t try to date until later that year. I was too nervous and just decided to enjoy the single life and work on myself. I ended up having a short-lived but positive encounter with a man I met through a friend (only dated for a month and stopped because we differed on child preferences) which encouraged me to pursue it. I downloaded Tinder, Hinge and OK Cupid around October. It wasn’t totally pleasant - I got a lot of inappropriate messages, had time wasted by guys who said “I’m not looking for anything serious” despite indicating otherwise in their profiles, and encountered a few aggressive creeps - but I met a couple of decent men that didn’t work out for honest reasons. In March 2020, I met the one who would end up becoming my boyfriend through Hinge. 

Things locked down from COVID literally a week later and we certainly had a bizarre start to the relationship, but we became official in May 2020 and last Friday we signed a lease on a new place together! I know at a year in ",https://reddit.com/r/datingoverthirty/comments/oiwahc/update_34f_recently_single_after_an_11_year/,people ask
S3D,datingoverthirty,706,Shower Thought: Dating Apps create an abundance mentality which means you'll never truly appreciate someone or you might but the other person may not because they think someone better is out there so they won't fully invest in you.,Multiply this mentality by almost every person on the app and you get endless set of short relationships followed by heartbreaks and before you know it your age catches up with you and you wonder why you are still single.,https://reddit.com/r/datingoverthirty/comments/ae8lap/shower_thought_dating_apps_create_an_abundance/,still single
S3D,datingoverthirty,664,The most hated question,"What is your response to the question: why is a girl/guy like you still single?  

I have a great job, make good money, pretty decent looking, emotionally stable, no children, and zero baggage. Apparently when you have those attributes and you’re single, that question is everyone’s go to.  The answer: I don’t actually know.  Great guys are super hard to find and I won’t settle.  Maybe that’s the answer...   I’m starting to think I’m destined to live life alone.

Edit: I got way more responses than I thought.  I do want to read them all because so far these comments have been inspiring and educational!   However, if I don’t respond that doesn’t mean I didn’t read the comment.  Oh, and to the creeps in my inbox.  🖕",https://reddit.com/r/datingoverthirty/comments/gfdzy2/the_most_hated_question/,still single
S3D,datingoverthirty,602,Ready for exclusivity but he’s not. Move on or wait it out?,"Hi all!

I (28/F) started seeing a man (42/M) I met on Bumble in January 2022. Both never married, no kids. Things are (were?) going great! Excellent chemistry with 6-7 dates, most of them being overnights because we live in separate cities about 2 hours away. Things have gotten intimate. We’re on the same page regarding the future (marriage, kids, etc) and what we want out of dating. It’s been about 4-5 weeks now. 

I’ve been seeing other people, but he said he hasn’t. I’ve slowly started to phase out the other guys I am seeing as I am interested in being exclusive with this guy. Had the talk with him today. He said he’s not ready for exclusivity. I explained that I’m having a great time with him, and I’ve starting to develop feelings for him. I asked if he had any reservations about me or why he didn’t want to be exclusive. He said he doesn’t want to close the dating door yet. He asked if we could be friends. I said no. He told me to reach out if I was in his city in the future. I said no. He even asked if I wanted him to text him when he got home (he spent the night at my place). I said no. He proceeded to cry and told me he had a great time with me and that he started developing feelings for me too. I explained that ending it is nothing against him — I’m just not interested in wasting time with someone who isn’t sure about me. Told him that he could definitely reach out if he changes his mind and that we could discuss resuming things if I’m still single. 

Well, that was ",https://reddit.com/r/datingoverthirty/comments/t3eg2t/ready_for_exclusivity_but_hes_not_move_on_or_wait/,still single
S3D,datingoverthirty,473,Why do we put so much emphasis on romantic relationships?,"The thought of this has been plaguing me for over a week. That there is so much weight placed on if we have a significant other in our life or not. And that if we don’t, it is a complete reflection of some kind undesirable flaw we’ve been displaying. A scarlet “S”, if you will. And I’ve also noticed that it gleams particularly brighter for women, who are older and find themselves still single. Gentlemen, I do not mean to downplay your own experiences here, I’m simply making an observation based off of my own experiences. 

I (33f) am sitting here on a beach in Cancun, on vacation with my extended family, unable to enjoy myself to completion because I find myself lost in thought about how it’s be nice if I had a romantic partner in my life. And what it is exactly that I’ve done wrong in order to still feel so lonely at this age. Yeah, you read that right. I’m sitting on a beautiful fucking beach, in an all inclusive resort wondering why I don’t have a boyfriend?! Why? 

Not only that, when I return home, I’ll have a federal job that earns me a very modest living, one that affords me my lifestyle. A new apartment that I just signed the lease for, in a cool part of town. A supportive immediate family and a small, but close handful of friends. Humble brag: I have a lot of fortunes in my life. But because I don’t have a romantic relationship, all of that is considered null? That because I didn’t follow the “formula” I am considered almost as an unwoman? When a quarter of the battl",https://reddit.com/r/datingoverthirty/comments/14m9zny/why_do_we_put_so_much_emphasis_on_romantic/,still single
S3D,datingoverthirty,456,What does emotional availability look like?,"I've (32M) been on the online dating scene long enough to feel like a veteran. Lately though, I've been left scratching my head with fade aways. 

I've been on lots of dates where there was there was no spark, some spark, or sparks flying. With some of the sparks flying one, the intimacy experience was fantastic for both sides.  Some of these people open up a lot, about past trauma, goals, where they're at, and share things you don't usually share with people who you aren't interested in. There's often a ""I had a wonderful time I'd like to see you again"" and the slow fade away. I understand that sometimes you meet up, hook up, and you find they aren't what you're looking for. What I don't get, maybe it's just love bombing, is why people say things like ""Why are you still single? I have no idea why someone hasn't snatched you up yet"" and then..poof?

Do others have experiences with this? Thoughts on what's happening here, or if I'm really clueless and I'm missing something? What does emotional availability look like when you're on a date with someone? Any thoughts would be appreciated.",https://reddit.com/r/datingoverthirty/comments/nk6bk4/what_does_emotional_availability_look_like/,still single
S3D,datingoverthirty,346,what happens if you feel attracted to practically no one?,"I can't imagine I am the only one who is living with this so I figured I'd ask and see what others' experiences have been.

I've been single since my husband died in 2015. I'm now 36F. I've tried apps for a few months at a time off-and-on for several years now. I usually get a decent amount of matches and have been on plenty of dates. The issue that I run into is that I feel nothing for any of them. They can be attractive, well-dressed, interesting and smart, polite, charming etc and I just feel absolutely nothing except sad for them that I am wasting their time or I'm going to disappoint them.  I usually give it 2 or 3 dates before I call it, because I don't want to be unfair or give these people hope where there isn't any because I'm just not interested.... but WHY am I not interested??

I meet someone ""in the wild"" maybe once every 3 - 6 years that I find interesting, but it has never worked out with these guys. It takes a while of knowing someone before I feel genuinely attracted and  interested in them, and this just doesn't work that well with the world of online dating. I recently dated a ""friend"" who I'd had feelings for for -years - he really hurt me badly so I'm back to the drawing board. I'm still grieving the friendship lost along the way so maybe dipping into the friend group and sabotaging those connections isn't the way to go, either. It's extra sad because I don't have a TON of friends to be burning through...

I don't know what is getting in the way for me an",https://reddit.com/r/datingoverthirty/comments/15dz3ci/what_happens_if_you_feel_attracted_to_practically/,people ask
S3D,datingoverthirty,314,How do you deal with loneliness?,"Hello fellow over 30 daters 😊

TL;DR - I'm looking for suggestions on how to cope with romantic loneliness that don't involve online dating platforms. 

I'm curious to know how you deal with loneliness? I have REALLY been struggling with it. It's not just the kind of loneliness where you can hang out with some friends and move on with your life - it's that loneliness that craves to be desired; the loneliness that picks up your phone excited to see a text but nothing is there; the loneliness where you're laying in bed at night wanting to feel someone's warm touch on your skin and hear them talking to you about literally anything. 

I'm cultivating a great relationship with myself through a lot of self care, affirmations, and pursuit of my goals, all of which have greatly benefited from therapy. I feel great about myself and every time I reach for that affirmation, there's loneliness sitting there waiting to invalidate that feeling with a dismissive, ""Oh yeah? Then how are you still single, especially considering the fruitless effort you've already put into dating? ""

It's been a real struggle to not let that demotivate me and, at times it still does successfully. I'm hoping to find some ways to cast a new light on that feeling as new perspectives seem to be really powerful tools for me. As an example: my therapist helped me realize my procrastination habits are rooted in survival instincts to avoid pain and I make a judgement that what I'm going to do will be painful before I ",https://reddit.com/r/datingoverthirty/comments/11ff29h/how_do_you_deal_with_loneliness/,still single
S3D,datingoverthirty,56,Was this rude or am I overreacting?,"Recently matched up with a girl on a dating app a few days ago and our chats were good. I think it's going well enough that I should ask to meet up for a drink and see how things go. But then she asks me, what's wrong with you? Why are you still single? I tried giving a brush off answer saying if I knew that I probably wouldn't be single hoping she would laugh and drop it. But no, she persists asking why people have broke up with me, shouldn't I have some idea of what I'm doing wrong?

At this point I'm turned off and felt all my interest in her evaporate. I haven't responded to her since she asked this yesterday afternoon and I don't plan on saying anything more to her. Or am I being too sensitive and should give her an answer? My thoughts are is that this is a very intrusive and rude question to ask someone you haven't even shared a cup of coffee with. I'm opening to different lines of thoughts here so please let me know what you think.

EDIT:Thanks all for the responses! Most of you feel she was rude in asking or I am doing the right thing by moving along. A smaller group thinks it was a badly done but a legitimate question and I should talk to her. And the smallest group thinks it was meant to be a joke and I am being thinned skin about it. I’ll just un-match her from my app and move along.",https://reddit.com/r/datingoverthirty/comments/boz14p/was_this_rude_or_am_i_overreacting/,still single
