segment,subsegment,option,pain,root_cause,cta,full_value_prop
"1 · Disillusioned","1a · Chronically Rejected",1,"She texts back, she laughs, she says she had a great time — and then nothing happens","Because likability and attraction are two completely different things, and nobody ever taught you where the line is","Take the quiz and find out exactly which charisma component you're missing — and how to build it in 30 days","She texts back, she laughs, she says she had a great time — and then nothing happens → Because likability and attraction are two completely different things, and nobody ever taught you where the line is → Take the quiz and find out exactly which charisma component you're missing — and how to build it in 30 days"
"1 · Disillusioned","1a · Chronically Rejected",2,"You're afraid of coming across as creepy — so you hide your interest, build the friendship, and end up in the friend zone. Again.","Suppressing your interest doesn't protect you from rejection — it just removes you from the game before she even had a chance to choose you","Find out how to show interest with confidence — so she feels attraction, not pressure","You're afraid of coming across as creepy — so you hide your interest, build the friendship, and end up in the friend zone. Again. → Suppressing your interest doesn't protect you from rejection — it just removes you from the game before she even had a chance to choose you → Find out how to show interest with confidence — so she feels attraction, not pressure"
"1 · Disillusioned","1b · Running Out of Time / Midlife",1,"You're 38, 42, 47 — and you're starting over. Everyone around you already has their life built. You feel like the clock is almost out.","Charisma built after 35 carries weight and depth that men in their 20s simply don't have. This isn't a late start — it's an advantage you haven't learned to use yet","Take the quiz and get a plan built around your age, your experience, and where you actually are right now","You're 38, 42, 47 — and you're starting over. Everyone around you already has their life built. You feel like the clock is almost out. → Charisma built after 35 carries weight and depth that men in their 20s simply don't have. This isn't a late start — it's an advantage you haven't learned to use yet → Take the quiz and get a plan built around your age, your experience, and where you actually are right now"
"1 · Disillusioned","1b · Running Out of Time / Midlife",2,"You talk about your career, your achievements, your stability — and she still doesn't light up","Because women are attracted to presence, not a resume. Status is the backdrop — charisma is what she actually feels when she's standing next to you","Find out what magnetic presence looks like — and how it replaces everything you've been trying to prove","You talk about your career, your achievements, your stability — and she still doesn't light up → Because women are attracted to presence, not a resume. Status is the backdrop — charisma is what she actually feels when she's standing next to you → Find out what magnetic presence looks like — and how it replaces everything you've been trying to prove"
"1 · Disillusioned","1c · Negative Self-Image",1,"You're convinced other men have something you were just born without — the height, the jaw, the voice","Charisma has nothing to do with how you look. It's determined entirely by how you carry yourself — and that is 100% trainable","Take the quiz and see exactly which charisma skills you need to build — regardless of your appearance","You're convinced other men have something you were just born without — the height, the jaw, the voice → Charisma has nothing to do with how you look. It's determined entirely by how you carry yourself — and that is 100% trainable → Take the quiz and see exactly which charisma skills you need to build — regardless of your appearance"
"1 · Disillusioned","1c · Negative Self-Image",2,"You see her smiling at you — and you still do nothing. You've already decided for her before she even had a chance to decide","That's not shyness. That's the habit of rejecting yourself first so you don't have to risk being rejected. And there's a specific way out of it.","Find out your blocker type and get a step-by-step plan to break the pattern — for good","You see her smiling at you — and you still do nothing. You've already decided for her before she even had a chance to decide → That's not shyness. That's the habit of rejecting yourself first so you don't have to risk being rejected. And there's a specific way out of it. → Find out your blocker type and get a step-by-step plan to break the pattern — for good"
"1 · Disillusioned","1d · Gave Up",1,"You've tried. You read the books, watched the videos, maybe even paid for a course. Nothing worked. Now even trying feels naive.","Because most advice teaches you techniques — not how to reconnect with the version of you that could actually pull this off. He didn't disappear. He's still in there.","One quiz — not another technique, not another list of rules. Just a mirror: who you are right now and where to start","You've tried. You read the books, watched the videos, maybe even paid for a course. Nothing worked. Now even trying feels naive. → Because most advice teaches you techniques — not how to reconnect with the version of you that could actually pull this off. He didn't disappear. He's still in there. → One quiz — not another technique, not another list of rules. Just a mirror: who you are right now and where to start"
"1 · Disillusioned","1d · Gave Up",2,"You haven't really tried in a while. Now even a basic conversation with a woman feels off — like you've forgotten how","Social confidence is like a muscle. It didn't disappear — it just hasn't been used. And it comes back faster than you think.","Find out where to start — no pressure, no big leaps, just from exactly where you are right now","You haven't really tried in a while. Now even a basic conversation with a woman feels off — like you've forgotten how → Social confidence is like a muscle. It didn't disappear — it just hasn't been used. And it comes back faster than you think. → Find out where to start — no pressure, no big leaps, just from exactly where you are right now"
"2 · Serial Self-Improver","2a · New Love Interest",1,"There's a specific girl. You talk, you click — but it's been stuck at 'just friends' for weeks and you don't know how to move it forward","Because friendliness and attraction are different things. One specific shift in how you show up changes the entire dynamic — either you know it or you keep waiting","Take the quiz and get a concrete plan for this week — while the window is still open","There's a specific girl. You talk, you click — but it's been stuck at 'just friends' for weeks and you don't know how to move it forward → Because friendliness and attraction are different things. One specific shift in how you show up changes the entire dynamic — either you know it or you keep waiting → Take the quiz and get a concrete plan for this week — while the window is still open"
"2 · Serial Self-Improver","2a · New Love Interest",2,"When she's around, you stop being yourself. Too careful, too polished, too much in your head. And she can feel it.","Attraction doesn't happen when you're trying — it happens when you're just there. That's a trainable skill called presence, and it's not what you think it is","Find out which specific blocker is making you disappear around her — and what to do differently","When she's around, you stop being yourself. Too careful, too polished, too much in your head. And she can feel it. → Attraction doesn't happen when you're trying — it happens when you're just there. That's a trainable skill called presence, and it's not what you think it is → Find out which specific blocker is making you disappear around her — and what to do differently"
"2 · Serial Self-Improver","2b · Major Life Change",1,"After the divorce, the breakup, the reset — you feel like you lost yourself. Who you were doesn't exist anymore. And who you're becoming hasn't shown up yet.","The crisis didn't break you — it stripped away everything that wasn't really you. What's left is the foundation. Charisma gets built on that, not on who you were before.","Take the quiz and find out which specific step starts the rebuild — from where you are, not where you used to be","After the divorce, the breakup, the reset — you feel like you lost yourself. Who you were doesn't exist anymore. And who you're becoming hasn't shown up yet. → The crisis didn't break you — it stripped away everything that wasn't really you. What's left is the foundation. Charisma gets built on that, not on who you were before. → Take the quiz and find out which specific step starts the rebuild — from where you are, not where you used to be"
"2 · Serial Self-Improver","2b · Major Life Change",2,"You keep comparing new women to the past — or rushing toward something you're not actually ready for","Without a core identity, you reach for the first thing that feels like stability. Charisma is what makes women reach for you — not the other way around","Find out what to rebuild first — and why it takes less time than you think","You keep comparing new women to the past — or rushing toward something you're not actually ready for → Without a core identity, you reach for the first thing that feels like stability. Charisma is what makes women reach for you — not the other way around → Find out what to rebuild first — and why it takes less time than you think"
"2 · Serial Self-Improver","2c · Chronic Self-Improver",1,"You know the theory. You've read, studied, practiced. But when it actually matters — it doesn't come out right. Or at all.","Because charisma isn't knowledge. It's behavior. And between knowing and doing, there's one specific gap — and most people have the same root cause","Take the quiz and find your exact knowing-doing gap — and the system that closes it","You know the theory. You've read, studied, practiced. But when it actually matters — it doesn't come out right. Or at all. → Because charisma isn't knowledge. It's behavior. And between knowing and doing, there's one specific gap — and most people have the same root cause → Take the quiz and find your exact knowing-doing gap — and the system that closes it"
"2 · Serial Self-Improver","2c · Chronic Self-Improver",2,"Women can tell you're following a script — even when you're genuinely trying. And the harder you try to do it right, the less natural it feels","Because hyper-awareness kills spontaneity — and spontaneity is charisma. There's a way to learn this without losing your naturalness.","Find out which type of self-improver you are — and which charisma system actually works for the way you're wired","Women can tell you're following a script — even when you're genuinely trying. And the harder you try to do it right, the less natural it feels → Because hyper-awareness kills spontaneity — and spontaneity is charisma. There's a way to learn this without losing your naturalness. → Find out which type of self-improver you are — and which charisma system actually works for the way you're wired"
"3 · Ambitious Top Dog","3a · Efficiency Seeker",1,"You've systemized your finances, your fitness, your career. But charisma still feels vague and unmeasurable — like it can't be trained the same way","Most charisma advice is noise. But charisma breaks down into specific, trainable components: tonality, presence, expression, eye contact. Each one can be worked on separately.","Take the quiz — get your charisma profile and a step-by-step protocol for each component","You've systemized your finances, your fitness, your career. But charisma still feels vague and unmeasurable — like it can't be trained the same way → Most charisma advice is noise. But charisma breaks down into specific, trainable components: tonality, presence, expression, eye contact. Each one can be worked on separately. → Take the quiz — get your charisma profile and a step-by-step protocol for each component"
"3 · Ambitious Top Dog","3a · Efficiency Seeker",2,"You notice women feel like they're being evaluated by you — even when you're just trying to be present in the conversation","Analytical mode leaves a trace — it shows up in your eye contact, your pacing, your body language. There's one specific technique that switches you from 'evaluating' to 'present'","Find out which charisma component turns off the assessment mode — and what it looks like in practice","You notice women feel like they're being evaluated by you — even when you're just trying to be present in the conversation → Analytical mode leaves a trace — it shows up in your eye contact, your pacing, your body language. There's one specific technique that switches you from 'evaluating' to 'present' → Find out which charisma component turns off the assessment mode — and what it looks like in practice"
"3 · Ambitious Top Dog","3b · Top One in Everything",1,"There are men who walk into a room and the whole room shifts. You're respected, you're listened to — but you're not one of them yet.","Because commanding attention and earning respect are different things. What makes a room respond is presence, not performance. It's the last high-leverage variable you haven't optimized.","Take the quiz and find out what separates 'respected' from 'magnetic' — and the exact steps to close that gap","There are men who walk into a room and the whole room shifts. You're respected, you're listened to — but you're not one of them yet. → Because commanding attention and earning respect are different things. What makes a room respond is presence, not performance. It's the last high-leverage variable you haven't optimized. → Take the quiz and find out what separates 'respected' from 'magnetic' — and the exact steps to close that gap"
"3 · Ambitious Top Dog","3b · Top One in Everything",2,"Women say you're great — but there's something hard to reach about you. Too serious. Or like there's a wall they can't get through.","Competence without vulnerability reads as coldness. Not weakness — but openness at the right moments is what turns 'respected' into 'someone she actually wants to be around'","Find out how to add depth without losing authority — and what that specifically looks like for your personality type","Women say you're great — but there's something hard to reach about you. Too serious. Or like there's a wall they can't get through. → Competence without vulnerability reads as coldness. Not weakness — but openness at the right moments is what turns 'respected' into 'someone she actually wants to be around' → Find out how to add depth without losing authority — and what that specifically looks like for your personality type"
